species,b_label,b_effective_kms,star_key,teff_k,n_tau1_cm2,tau_check,beta,beta_err
H I,0,1e-20,M6,3000,47180442.51317251,0.9999999999999999,3.789173374609783e-24,1.1544344741926322e-26
H I,0,1e-20,K1,5000,47180442.51317251,0.9999999999999999,9.87781728417375e-13,2.9934981657408683e-15
H I,0,1e-20,F8,6000,47180442.51317251,0.9999999999999999,0.0026160438749085893,7.969893200339452e-06
H I,0,1e-20,A6,8000,47180442.51317251,0.9999999999999999,0.0025547324781913213,7.762927610267405e-06
H I,0,1e-20,A0,10000,47180442.51317251,0.9999999999999999,1.6718888686720668,0.005004872333499323
H I,0,1e-20,B5,15000,47180442.51317251,0.9999999999999999,269.6114018685077,0.7341627356546714
H I,0,1e-20,B3,19000,47180442.51317251,0.9999999999999999,3378.037809969536,9.119492984348724
H I,0,1e-20,B0,30000,47180442.51317251,0.9999999999999999,116699.65130389837,221.43419999714368
H I,0,1e-20,O0,50000,47180442.51317251,0.9999999999999999,1595660.0399248977,3591.916276623162
H I,1,1.0,M6,3000,1326060528470.9004,0.9999999999999999,2.3127591430842938e-24,2.1693022305335893e-27
H I,1,1.0,K1,5000,1326060528470.9004,0.9999999999999999,6.046383110954413e-13,5.62534286815754e-16
H I,1,1.0,F8,6000,1326060528470.9004,0.9999999999999999,0.0015965985550051842,1.497424431524525e-06
H I,1,1.0,A6,8000,1326060528470.9004,0.9999999999999999,0.001561662790022196,1.4591053235536162e-06
H I,1,1.0,A0,10000,1326060528470.9004,0.9999999999999999,1.0302013444308078,0.0009415894180002594
H I,1,1.0,B5,15000,1326060528470.9004,0.9999999999999999,174.99715529103378,0.14078764543061692
H I,1,1.0,B3,19000,1326060528470.9004,0.9999999999999999,2204.4286994758,1.7459077168309143
H I,1,1.0,B0,30000,1326060528470.9004,0.9999999999999999,89160.81166803041,58.88629996379788
H I,1,1.0,O0,50000,1326060528470.9004,0.9999999999999999,1134151.9997383142,778.5740198528662
H I,10,10.0,M6,3000,13199632511755.354,1.0,2.3107325283163154e-24,2.1387465983379257e-27
H I,10,10.0,K1,5000,13199632511755.354,1.0,6.045919613079928e-13,5.540371994952178e-16
H I,10,10.0,F8,6000,13199632511755.354,1.0,0.0015903237229232849,1.46917952650816e-06
H I,10,10.0,A6,8000,13199632511755.354,1.0,0.001565333935724158,1.4447954849331023e-06
H I,10,10.0,A0,10000,13199632511755.354,1.0,1.033043981219564,0.0009329901425209744
H I,10,10.0,B5,15000,13199632511755.354,1.0,176.03877899976916,0.14031222622731118
H I,10,10.0,B3,19000,13199632511755.354,1.0,2205.7997439184633,1.7250841220677766
H I,10,10.0,B0,30000,13199632511755.354,1.0,89951.84055300761,59.19834277904927
H I,10,10.0,O0,50000,13199632511755.354,1.0,1134812.1538706515,771.6160719390198
H I,100,100.0,M6,3000,131935418621917.11,1.0,5.6202560760143004e-24,7.421395380900918e-27
H I,100,100.0,K1,5000,131935418621917.11,1.0,8.758864973115754e-13,9.383650529972853e-16
H I,100,100.0,F8,6000,131935418621917.11,1.0,0.0013540884447685042,1.1818422979177516e-06
H I,100,100.0,A6,8000,131935418621917.11,1.0,0.0020142439871526758,2.0273641723566952e-06
H I,100,100.0,A0,10000,131935418621917.11,1.0,1.325167914113969,0.0013070453595367892
H I,100,100.0,B5,15000,131935418621917.11,1.0,239.8319990308804,0.21454798018181712
H I,100,100.0,B3,19000,131935418621917.11,1.0,2454.869472174278,1.983135944858219
H I,100,100.0,B0,30000,131935418621917.11,1.0,130776.10562729923,98.45886883986222
H I,100,100.0,O0,50000,131935418621917.11,1.0,1289797.132789423,939.8583053911804
He I,0,1e-20,M6,3000,35927672920.458916,1.0,1.8629790665368141e-56,6.85033371819019e-59
He I,0,1e-20,K1,5000,35927672920.458916,1.0,2.4121455344824048e-33,8.868438743777518e-36
He I,0,1e-20,F8,6000,35927672920.458916,1.0,1.795139053376992e-10,6.548071995485027e-13
He I,0,1e-20,A6,8000,35927672920.458916,1.0,4.184538732273615e-15,1.5330209949781876e-17
He I,0,1e-20,A0,10000,35927672920.458916,1.0,6.522883616826165e-10,2.3688708575175324e-12
He I,0,1e-20,B5,15000,35927672920.458916,1.0,0.05542056232050496,0.00017621152399532563
He I,0,1e-20,B3,19000,35927672920.458916,1.0,0.8378942076781922,0.0018665303402946212
He I,0,1e-20,B0,30000,35927672920.458916,1.0,584.6997961445106,1.6833004447049693
He I,0,1e-20,O0,50000,35927672920.458916,1.0,137425.78562182756,330.2958310899163
He I,1,1.0,M6,3000,4176297627713.5596,1.0,1.2803620661806275e-56,1.5040753915015896e-59
He I,1,1.0,K1,5000,4176297627713.5596,1.0,1.6579174998490927e-33,1.947175460320269e-36
He I,1,1.0,F8,6000,4176297627713.5596,1.0,1.2396413727108555e-10,1.43805859998155e-13
He I,1,1.0,A6,8000,4176297627713.5596,1.0,2.882150835992896e-15,3.366123360740191e-18
He I,1,1.0,A0,10000,4176297627713.5596,1.0,4.516475468948034e-10,5.20403585482669e-13
He I,1,1.0,B5,15000,4176297627713.5596,1.0,0.05919150963711789,0.00012407610042845674
He I,1,1.0,B3,19000,4176297627713.5596,1.0,0.7712664408105142,0.0009108982349498538
He I,1,1.0,B0,30000,4176297627713.5596,1.0,463.598005499266,0.42491858051369125
He I,1,1.0,O0,50000,4176297627713.5596,1.0,118812.14761751737,110.5803462865721
He I,10,10.0,M6,3000,41410748466001.72,1.0,1.277502701043474e-56,1.4548172322027611e-59
He I,10,10.0,K1,5000,41410748466001.72,1.0,1.6542125596610004e-33,1.8833960212083024e-36
He I,10,10.0,F8,6000,41410748466001.72,1.0,1.2370200230340437e-10,1.391237299487126e-13
He I,10,10.0,A6,8000,41410748466001.72,1.0,2.8757569741824433e-15,3.2558661915633674e-18
He I,10,10.0,A0,10000,41410748466001.72,1.0,4.5066795851866926e-10,5.033764108109247e-13
He I,10,10.0,B5,15000,41410748466001.72,1.0,0.06044374701206956,0.0001273772446217932
He I,10,10.0,B3,19000,41410748466001.72,1.0,0.7804600752235866,0.000930866825766505
He I,10,10.0,B0,30000,41410748466001.72,1.0,462.94084550340807,0.4147825477792256
He I,10,10.0,O0,50000,41410748466001.72,1.0,118807.61068309809,109.3014930180776
He I,100,100.0,M6,3000,413755959984410.4,1.0,1.278181957874761e-56,1.4518525913741501e-59
He I,100,100.0,K1,5000,413755959984410.4,1.0,1.6546598805562968e-33,1.8784137129605644e-36
He I,100,100.0,F8,6000,413755959984410.4,1.0,1.2623788290393307e-10,1.447122565900823e-13
He I,100,100.0,A6,8000,413755959984410.4,1.0,2.8753027280710394e-15,3.245132294784976e-18
He I,100,100.0,A0,10000,413755959984410.4,1.0,4.506305662925003e-10,5.016760106485568e-13
He I,100,100.0,B5,15000,413755959984410.4,1.0,0.07835252871303679,0.0001719464581991817
He I,100,100.0,B3,19000,413755959984410.4,1.0,1.1555327468491456,0.001618283734803166
He I,100,100.0,B0,30000,413755959984410.4,1.0,469.87385991698545,0.4272655749080374
He I,100,100.0,O0,50000,413755959984410.4,1.0,124410.55197414373,114.81020407102791
He II,0,1e-20,M6,3000,,,,
He II,0,1e-20,K1,5000,,,,
He II,0,1e-20,F8,6000,,,,
He II,0,1e-20,A6,8000,,,,
He II,0,1e-20,A0,10000,,,,
He II,0,1e-20,B5,15000,,,,
He II,0,1e-20,B3,19000,,,,
He II,0,1e-20,B0,30000,,,,
He II,0,1e-20,O0,50000,,,,
He II,1,1.0,M6,3000,,,,
He II,1,1.0,K1,5000,,,,
He II,1,1.0,F8,6000,,,,
He II,1,1.0,A6,8000,,,,
He II,1,1.0,A0,10000,,,,
He II,1,1.0,B5,15000,,,,
He II,1,1.0,B3,19000,,,,
He II,1,1.0,B0,30000,,,,
He II,1,1.0,O0,50000,,,,
He II,10,10.0,M6,3000,,,,
He II,10,10.0,K1,5000,,,,
He II,10,10.0,F8,6000,,,,
He II,10,10.0,A6,8000,,,,
He II,10,10.0,A0,10000,,,,
He II,10,10.0,B5,15000,,,,
He II,10,10.0,B3,19000,,,,
He II,10,10.0,B0,30000,,,,
He II,10,10.0,O0,50000,,,,
He II,100,100.0,M6,3000,,,,
He II,100,100.0,K1,5000,,,,
He II,100,100.0,F8,6000,,,,
He II,100,100.0,A6,8000,,,,
He II,100,100.0,A0,10000,,,,
He II,100,100.0,B5,15000,,,,
He II,100,100.0,B3,19000,,,,
He II,100,100.0,B0,30000,,,,
He II,100,100.0,O0,50000,,,,
Li I,0,1e-20,M6,3000,697839130.1590929,1.0,0.009161058122264172,2.2054572670590144e-05
Li I,0,1e-20,K1,5000,697839130.1590929,1.0,10.710593081163431,0.02576249586379433
Li I,0,1e-20,F8,6000,697839130.1590929,1.0,125.67947601188251,0.3021613711512725
Li I,0,1e-20,A6,8000,697839130.1590929,1.0,790.3883137125187,1.8935938582995344
Li I,0,1e-20,A0,10000,697839130.1590929,1.0,1813.9285202838441,4.322595369250482
Li I,0,1e-20,B5,15000,697839130.1590929,1.0,3971.2970285475294,9.303290778852281
Li I,0,1e-20,B3,19000,697839130.1590929,1.0,5051.563005970099,11.678941370507456
Li I,0,1e-20,B0,30000,697839130.1590929,1.0,9264.971735805188,20.763835677913505
Li I,0,1e-20,O0,50000,697839130.1590929,1.0,21858.794350126078,48.475626448167
Li I,1,1.0,M6,3000,200325942758.94028,0.9999999999999999,0.008154354788775678,8.808169662775875e-06
Li I,1,1.0,K1,5000,200325942758.94028,0.9999999999999999,9.199404834484561,0.009708280720472494
Li I,1,1.0,F8,6000,200325942758.94028,0.9999999999999999,106.84534182315696,0.11185177057294786
Li I,1,1.0,A6,8000,200325942758.94028,0.9999999999999999,672.9431489674713,0.7125045306227059
Li I,1,1.0,A0,10000,200325942758.94028,0.9999999999999999,1546.784478994047,1.6273695981885397
Li I,1,1.0,B5,15000,200325942758.94028,0.9999999999999999,3403.9691487493265,3.520101524716137
Li I,1,1.0,B3,19000,200325942758.94028,0.9999999999999999,4348.112007874912,4.450930792611783
Li I,1,1.0,B0,30000,200325942758.94028,0.9999999999999999,8064.977931738704,8.181833507833169
Li I,1,1.0,O0,50000,200325942758.94028,0.9999999999999999,19117.68477720097,19.496984043770407
Li I,10,10.0,M6,3000,1999259007116.5295,1.0,0.04799555308064497,6.878529279829181e-05
Li I,10,10.0,K1,5000,1999259007116.5295,1.0,17.60901054142382,0.022521947500445047
Li I,10,10.0,F8,6000,1999259007116.5295,1.0,116.96344349662395,0.12724662739961548
Li I,10,10.0,A6,8000,1999259007116.5295,1.0,672.6900070638799,0.7086103714438963
Li I,10,10.0,A0,10000,1999259007116.5295,1.0,1546.1705783062396,1.6184318577724806
Li I,10,10.0,B5,15000,1999259007116.5295,1.0,3402.7710378313905,3.5011243166002552
Li I,10,10.0,B3,19000,1999259007116.5295,1.0,4346.550104571631,4.427332488149764
Li I,10,10.0,B0,30000,1999259007116.5295,1.0,8062.289321646173,8.14238305254369
Li I,10,10.0,O0,50000,1999259007116.5295,1.0,19111.276872849005,19.40811647669706
Li I,100,100.0,M6,3000,19988591537700.516,0.9999999999999999,0.2593850809924427,0.0002994346459979105
Li I,100,100.0,K1,5000,19988591537700.516,0.9999999999999999,51.25547276008843,0.056947093655256666
Li I,100,100.0,F8,6000,19988591537700.516,0.9999999999999999,173.03067191362658,0.18836790005034512
Li I,100,100.0,A6,8000,19988591537700.516,0.9999999999999999,675.4401505408208,0.7125677971773486
Li I,100,100.0,A0,10000,19988591537700.516,0.9999999999999999,1546.1268996283916,1.6178304964537482
Li I,100,100.0,B5,15000,19988591537700.516,0.9999999999999999,3406.1489749634525,3.5025033505363647
Li I,100,100.0,B3,19000,19988591537700.516,0.9999999999999999,4348.404619944055,4.426990115959178
Li I,100,100.0,B0,30000,19988591537700.516,0.9999999999999999,8062.168378178588,8.138560260971154
Li I,100,100.0,O0,50000,19988591537700.516,0.9999999999999999,19111.81137217921,19.40098301170206
Li II,0,1e-20,M6,3000,306990770891.2691,1.0,1.4976217495393163e-107,4.198886544606342e-110
Li II,0,1e-20,K1,5000,306990770891.2691,1.0,1.2808054678217556e-94,4.717455659027639e-97
Li II,0,1e-20,F8,6000,306990770891.2691,1.0,1.5475406481449045e-54,5.699892708228948e-57
Li II,0,1e-20,A6,8000,306990770891.2691,1.0,1.1656877186143496e-47,4.293107243780262e-50
Li II,0,1e-20,A0,10000,306990770891.2691,1.0,1.7027123928656073e-37,6.270695639185255e-40
Li II,0,1e-20,B5,15000,306990770891.2691,1.0,6.962962056076837e-11,2.515755490830118e-13
Li II,0,1e-20,B3,19000,306990770891.2691,1.0,1.2630457133357458e-09,4.563071312163136e-12
Li II,0,1e-20,B0,30000,306990770891.2691,1.0,9.929364387320906e-08,3.593551676326036e-10
Li II,0,1e-20,O0,50000,306990770891.2691,1.0,3.7233114380799903,0.012809423893535711
Li II,1,1.0,M6,3000,7677194750243.859,1.0,1.2052899078249623e-107,1.237365538331253e-110
Li II,1,1.0,K1,5000,7677194750243.859,1.0,8.867799059170397e-95,1.1684873879923649e-97
Li II,1,1.0,F8,6000,7677194750243.859,1.0,1.0714570183375389e-54,1.411831551554317e-57
Li II,1,1.0,A6,8000,7677194750243.859,1.0,8.071138370948036e-48,1.0633786853186249e-50
Li II,1,1.0,A0,10000,7677194750243.859,1.0,1.178969244138302e-37,1.5532163249350862e-40
Li II,1,1.0,B5,15000,7677194750243.859,1.0,4.8756662245746824e-11,6.237902452789796e-14
Li II,1,1.0,B3,19000,7677194750243.859,1.0,8.84475399662153e-10,1.1314284483194328e-12
Li II,1,1.0,B0,30000,7677194750243.859,1.0,6.94599410514386e-08,8.908792645990749e-11
Li II,1,1.0,O0,50000,7677194750243.859,1.0,2.6847965513401624,0.003205811110720093
Li II,10,10.0,M6,3000,73717925378477.97,1.0,1.1988637628136813e-107,1.127905664645089e-110
Li II,10,10.0,K1,5000,73717925378477.97,1.0,8.777438622370972e-95,1.013161293774057e-97
Li II,10,10.0,F8,6000,73717925378477.97,1.0,1.0605391195946847e-54,1.2241576234965554e-57
Li II,10,10.0,A6,8000,73717925378477.97,1.0,7.988909892282541e-48,9.220241954446138e-51
Li II,10,10.0,A0,10000,73717925378477.97,1.0,1.1669588659928555e-37,1.3467478543251679e-40
Li II,10,10.0,B5,15000,73717925378477.97,1.0,4.82805574544491e-11,5.410721759340029e-14
Li II,10,10.0,B3,19000,73717925378477.97,1.0,8.758400231158213e-10,9.813949749066503e-13
Li II,10,10.0,B0,30000,73717925378477.97,1.0,6.877914195611579e-08,7.726962623863964e-11
Li II,10,10.0,O0,50000,73717925378477.97,1.0,2.6612397218464166,0.002789835533103873
Li II,100,100.0,M6,3000,734154276253898.4,0.9999999999999999,1.1981729493063367e-107,1.1165954497716266e-110
Li II,100,100.0,K1,5000,734154276253898.4,0.9999999999999999,8.773713070586952e-95,9.980964755472696e-98
Li II,100,100.0,F8,6000,734154276253898.4,0.9999999999999999,1.0598105912320866e-54,1.2052827313976737e-57
Li II,100,100.0,A6,8000,734154276253898.4,0.9999999999999999,7.981190870082421e-48,9.072538351839107e-51
Li II,100,100.0,A0,10000,734154276253898.4,0.9999999999999999,1.1657532128249542e-37,1.3249844159433038e-40
Li II,100,100.0,B5,15000,734154276253898.4,0.9999999999999999,4.8195569140251485e-11,5.314253102407412e-14
Li II,100,100.0,B3,19000,734154276253898.4,0.9999999999999999,8.749145852943031e-10,9.654295669288026e-13
Li II,100,100.0,B0,30000,734154276253898.4,0.9999999999999999,6.870755315359175e-08,7.601564543288564e-11
Li II,100,100.0,O0,50000,734154276253898.4,0.9999999999999999,2.6473766340064016,0.0027201862420721903
Li III,0,1e-20,M6,3000,,,,
Li III,0,1e-20,K1,5000,,,,
Li III,0,1e-20,F8,6000,,,,
Li III,0,1e-20,A6,8000,,,,
Li III,0,1e-20,A0,10000,,,,
Li III,0,1e-20,B5,15000,,,,
Li III,0,1e-20,B3,19000,,,,
Li III,0,1e-20,B0,30000,,,,
Li III,0,1e-20,O0,50000,,,,
Li III,1,1.0,M6,3000,,,,
Li III,1,1.0,K1,5000,,,,
Li III,1,1.0,F8,6000,,,,
Li III,1,1.0,A6,8000,,,,
Li III,1,1.0,A0,10000,,,,
Li III,1,1.0,B5,15000,,,,
Li III,1,1.0,B3,19000,,,,
Li III,1,1.0,B0,30000,,,,
Li III,1,1.0,O0,50000,,,,
Li III,10,10.0,M6,3000,,,,
Li III,10,10.0,K1,5000,,,,
Li III,10,10.0,F8,6000,,,,
Li III,10,10.0,A6,8000,,,,
Li III,10,10.0,A0,10000,,,,
Li III,10,10.0,B5,15000,,,,
Li III,10,10.0,B3,19000,,,,
Li III,10,10.0,B0,30000,,,,
Li III,10,10.0,O0,50000,,,,
Li III,100,100.0,M6,3000,,,,
Li III,100,100.0,K1,5000,,,,
Li III,100,100.0,F8,6000,,,,
Li III,100,100.0,A6,8000,,,,
Li III,100,100.0,A0,10000,,,,
Li III,100,100.0,B5,15000,,,,
Li III,100,100.0,B3,19000,,,,
Li III,100,100.0,B0,30000,,,,
Li III,100,100.0,O0,50000,,,,
Be I,0,1e-20,M6,3000,607176538.9287804,1.0,3.629968782364859e-09,1.8129386647064064e-10
Be I,0,1e-20,K1,5000,607176538.9287804,1.0,0.018184520276889892,0.0008210074417883414
Be I,0,1e-20,F8,6000,607176538.9287804,1.0,0.3832823756911244,0.017304184435600112
Be I,0,1e-20,A6,8000,607176538.9287804,1.0,70.67328585090617,3.186000613600666
Be I,0,1e-20,A0,10000,607176538.9287804,1.0,802.4991489345132,35.90965002814608
Be I,0,1e-20,B5,15000,607176538.9287804,1.0,7845.736886916718,350.70739221864653
Be I,0,1e-20,B3,19000,607176538.9287804,1.0,17073.684053160887,762.2806122029982
Be I,0,1e-20,B0,30000,607176538.9287804,1.0,71850.4792111078,3208.3779303826923
Be I,0,1e-20,O0,50000,607176538.9287804,1.0,207650.55379337107,9248.768671627986
Be I,1,1.0,M6,3000,209877849905.02713,1.0,2.221208951859814e-09,1.1207816107250514e-10
Be I,1,1.0,K1,5000,209877849905.02713,1.0,0.01027518397193124,0.00012154777404982252
Be I,1,1.0,F8,6000,209877849905.02713,1.0,0.21662217933722397,0.0025644924169567307
Be I,1,1.0,A6,8000,209877849905.02713,1.0,39.99355329401746,0.4721823818866622
Be I,1,1.0,A0,10000,209877849905.02713,1.0,457.01200284822505,5.326608932073661
Be I,1,1.0,B5,15000,209877849905.02713,1.0,4471.994386986644,52.037984906437245
Be I,1,1.0,B3,19000,209877849905.02713,1.0,9741.828293516583,113.14424535667007
Be I,1,1.0,B0,30000,209877849905.02713,1.0,40990.78549490572,476.27139899741456
Be I,1,1.0,O0,50000,209877849905.02713,1.0,118722.69763228964,1374.643220487568
Be I,10,10.0,M6,3000,2076977077873.3367,1.0,3.1689480676049157e-09,1.3673055569188214e-10
Be I,10,10.0,K1,5000,2076977077873.3367,1.0,0.009314007340188531,0.00010003649501436595
Be I,10,10.0,F8,6000,2076977077873.3367,1.0,0.2176065514827307,0.0024978335065473796
Be I,10,10.0,A6,8000,2076977077873.3367,1.0,40.175388069375565,0.4595517712490078
Be I,10,10.0,A0,10000,2076977077873.3367,1.0,457.16980783551645,5.144841152402632
Be I,10,10.0,B5,15000,2076977077873.3367,1.0,4459.7323167193335,49.95986364216529
Be I,10,10.0,B3,19000,2076977077873.3367,1.0,9724.533949254794,108.84307921515533
Be I,10,10.0,B0,30000,2076977077873.3367,1.0,40881.42432942256,457.3633638493197
Be I,10,10.0,O0,50000,2076977077873.3367,1.0,118404.78565748001,1320.0818828678032
Be I,100,100.0,M6,3000,20748022993370.55,1.0,1.0893387876518157e-08,2.2211127939243058e-10
Be I,100,100.0,K1,5000,20748022993370.55,1.0,0.012823336321868885,0.0001690897486308213
Be I,100,100.0,F8,6000,20748022993370.55,1.0,0.3950328065149426,0.00566565518580468
Be I,100,100.0,A6,8000,20748022993370.55,1.0,51.161679946163694,0.6685490079444297
Be I,100,100.0,A0,10000,20748022993370.55,1.0,507.27505389564965,6.052456945490844
Be I,100,100.0,B5,15000,20748022993370.55,1.0,4538.32092091908,51.411883964454084
Be I,100,100.0,B3,19000,20748022993370.55,1.0,10016.326994083618,113.15874191136687
Be I,100,100.0,B0,30000,20748022993370.55,1.0,40767.43162743378,453.34586751275833
Be I,100,100.0,O0,50000,20748022993370.55,1.0,118319.03096585092,1313.6143660179737
Be II,0,1e-20,M6,3000,3203999332.7627606,1.0,0.000801063870812205,2.0057087966258212e-06
Be II,0,1e-20,K1,5000,3203999332.7627606,1.0,1.5294576605611063,0.0036754074717932936
Be II,0,1e-20,F8,6000,3203999332.7627606,1.0,12.155221053478911,0.0295499758679457
Be II,0,1e-20,A6,8000,3203999332.7627606,1.0,95.0503929948008,0.2287221088343459
Be II,0,1e-20,A0,10000,3203999332.7627606,1.0,422.7488723656917,1.016585033834623
Be II,0,1e-20,B5,15000,3203999332.7627606,1.0,2419.773482449688,5.736587825538907
Be II,0,1e-20,B3,19000,3203999332.7627606,1.0,4539.75854568657,10.849546871040369
Be II,0,1e-20,B0,30000,3203999332.7627606,1.0,17697.379808164595,62.726082177723875
Be II,0,1e-20,O0,50000,3203999332.7627606,1.0,76810.81929716309,452.77145582887624
Be II,1,1.0,M6,3000,644473979044.2822,1.0,0.0006934518867218223,8.610656444187299e-07
Be II,1,1.0,K1,5000,644473979044.2822,1.0,1.3078405833113336,0.0014158658361883608
Be II,1,1.0,F8,6000,644473979044.2822,1.0,10.446215686427397,0.012073402665407061
Be II,1,1.0,A6,8000,644473979044.2822,1.0,80.75110234555788,0.08530527523739975
Be II,1,1.0,A0,10000,644473979044.2822,1.0,359.45812651245836,0.3818621082255629
Be II,1,1.0,B5,15000,644473979044.2822,1.0,2065.8207155744653,2.17748104305038
Be II,1,1.0,B3,19000,644473979044.2822,1.0,3922.904091336038,4.588347302096637
Be II,1,1.0,B0,30000,644473979044.2822,1.0,15914.288173396628,36.84670781204504
Be II,1,1.0,O0,50000,644473979044.2822,1.0,72737.96534852087,288.26902011971436
Be II,10,10.0,M6,3000,6426368477233.963,1.0,0.0005944536708332845,6.760233186991544e-07
Be II,10,10.0,K1,5000,6426368477233.963,1.0,1.6404355030250934,0.001901234460173773
Be II,10,10.0,F8,6000,6426368477233.963,1.0,10.930020030709219,0.01251111309307451
Be II,10,10.0,A6,8000,6426368477233.963,1.0,80.77588526906692,0.08475582329492361
Be II,10,10.0,A0,10000,6426368477233.963,1.0,359.33105884754735,0.3789863488378112
Be II,10,10.0,B5,15000,6426368477233.963,1.0,2064.679916911525,2.1605876243087927
Be II,10,10.0,B3,19000,6426368477233.963,1.0,3920.8535637780033,4.5611687466222275
Be II,10,10.0,B0,30000,6426368477233.963,1.0,15905.818409993997,36.7645735142722
Be II,10,10.0,O0,50000,6426368477233.963,1.0,72729.33049296445,287.9400411966331
Be II,100,100.0,M6,3000,64245325832606.48,1.0,0.0006051099461278304,6.37106661296023e-07
Be II,100,100.0,K1,5000,64245325832606.48,1.0,1.7056975396501453,0.0016910997202803535
Be II,100,100.0,F8,6000,64245325832606.48,1.0,12.752638460678844,0.013187492526145992
Be II,100,100.0,A6,8000,64245325832606.48,1.0,82.47386180070482,0.08773782957272469
Be II,100,100.0,A0,10000,64245325832606.48,1.0,359.13385545274303,0.37931075561885874
Be II,100,100.0,B5,15000,64245325832606.48,1.0,2048.638835844112,2.1364495918762954
Be II,100,100.0,B3,19000,64245325832606.48,1.0,3880.0755693949354,4.428157187840985
Be II,100,100.0,B0,30000,64245325832606.48,1.0,15312.21572992456,32.95479459354525
Be II,100,100.0,O0,50000,64245325832606.48,1.0,72642.85610566371,287.9014184360631
Be III,0,1e-20,M6,3000,,,,
Be III,0,1e-20,K1,5000,,,,
Be III,0,1e-20,F8,6000,,,,
Be III,0,1e-20,A6,8000,,,,
Be III,0,1e-20,A0,10000,,,,
Be III,0,1e-20,B5,15000,,,,
Be III,0,1e-20,B3,19000,,,,
Be III,0,1e-20,B0,30000,,,,
Be III,0,1e-20,O0,50000,,,,
Be III,1,1.0,M6,3000,,,,
Be III,1,1.0,K1,5000,,,,
Be III,1,1.0,F8,6000,,,,
Be III,1,1.0,A6,8000,,,,
Be III,1,1.0,A0,10000,,,,
Be III,1,1.0,B5,15000,,,,
Be III,1,1.0,B3,19000,,,,
Be III,1,1.0,B0,30000,,,,
Be III,1,1.0,O0,50000,,,,
Be III,10,10.0,M6,3000,,,,
Be III,10,10.0,K1,5000,,,,
Be III,10,10.0,F8,6000,,,,
Be III,10,10.0,A6,8000,,,,
Be III,10,10.0,A0,10000,,,,
Be III,10,10.0,B5,15000,,,,
Be III,10,10.0,B3,19000,,,,
Be III,10,10.0,B0,30000,,,,
Be III,10,10.0,O0,50000,,,,
Be III,100,100.0,M6,3000,,,,
Be III,100,100.0,K1,5000,,,,
Be III,100,100.0,F8,6000,,,,
Be III,100,100.0,A6,8000,,,,
Be III,100,100.0,A0,10000,,,,
Be III,100,100.0,B5,15000,,,,
Be III,100,100.0,B3,19000,,,,
Be III,100,100.0,B0,30000,,,,
Be III,100,100.0,O0,50000,,,,
B I,0,1e-20,M6,3000,7195204059.746814,1.0,1.0954707158702328e-09,3.5006714688481856e-11
B I,0,1e-20,K1,5000,7195204059.746814,1.0,0.001294214873056772,4.0377120368562756e-05
B I,0,1e-20,F8,6000,7195204059.746814,1.0,0.18524214784741636,0.005669859189607171
B I,0,1e-20,A6,8000,7195204059.746814,1.0,15.08678396824869,0.34705400229344996
B I,0,1e-20,A0,10000,7195204059.746814,1.0,421.7548519350945,38.56820104212216
B I,0,1e-20,B5,15000,7195204059.746814,1.0,5161.923916292314,561.308823443004
B I,0,1e-20,B3,19000,7195204059.746814,1.0,12736.096773912122,1432.6500037005285
B I,0,1e-20,B0,30000,7195204059.746814,1.0,56746.861185781934,6513.793577246908
B I,0,1e-20,O0,50000,7195204059.746814,1.0,188118.8832432085,20751.630425151965
B I,1,1.0,M6,3000,1261393991880.981,0.9999999999999999,2.4497184924464406e-09,5.625165204454117e-11
B I,1,1.0,K1,5000,1261393991880.981,0.9999999999999999,0.0014633123209869807,3.081099274206765e-05
B I,1,1.0,F8,6000,1261393991880.981,0.9999999999999999,0.2111677371730677,0.004555789924455774
B I,1,1.0,A6,8000,1261393991880.981,0.9999999999999999,16.86858533464826,0.3048669749643642
B I,1,1.0,A0,10000,1261393991880.981,0.9999999999999999,384.96951562699564,10.030950477364241
B I,1,1.0,B5,15000,1261393991880.981,0.9999999999999999,4504.621562739974,140.79803041961972
B I,1,1.0,B3,19000,1261393991880.981,0.9999999999999999,10994.83463296373,360.5254843071809
B I,1,1.0,B0,30000,1261393991880.981,0.9999999999999999,48674.718455696566,1674.4790393888845
B I,1,1.0,O0,50000,1261393991880.981,0.9999999999999999,164081.46670130474,5743.91642498545
B I,10,10.0,M6,3000,12423840093558.941,1.0,4.068108756478951e-08,9.731690245821761e-10
B I,10,10.0,K1,5000,12423840093558.941,1.0,0.0024441675155631,5.355208018786623e-05
B I,10,10.0,F8,6000,12423840093558.941,1.0,0.21496585129585555,0.004625066593050802
B I,10,10.0,A6,8000,12423840093558.941,1.0,16.928047770170092,0.30613435322582483
B I,10,10.0,A0,10000,12423840093558.941,1.0,385.37338481562307,9.858266160189045
B I,10,10.0,B5,15000,12423840093558.941,1.0,4510.244047313763,138.5141640534014
B I,10,10.0,B3,19000,12423840093558.941,1.0,11006.743779802899,354.731111556361
B I,10,10.0,B0,30000,12423840093558.941,1.0,48753.43463758054,1650.7607316382198
B I,10,10.0,O0,50000,12423840093558.941,1.0,164216.04009239151,5662.421401234024
B I,100,100.0,M6,3000,124048980641770.73,1.0,3.5525374335006185e-08,7.891963943304972e-10
B I,100,100.0,K1,5000,124048980641770.73,1.0,0.002401938014849122,5.0240585531336016e-05
B I,100,100.0,F8,6000,124048980641770.73,1.0,0.1837597650524143,0.004227421934525994
B I,100,100.0,A6,8000,124048980641770.73,1.0,16.596306220173165,0.3074117740841498
B I,100,100.0,A0,10000,124048980641770.73,1.0,379.98132716784676,9.581669357559386
B I,100,100.0,B5,15000,124048980641770.73,1.0,4428.093647085638,132.71961298323086
B I,100,100.0,B3,19000,124048980641770.73,1.0,10859.924407377132,347.1176921769522
B I,100,100.0,B0,30000,124048980641770.73,1.0,49908.263025621905,1742.4506584841774
B I,100,100.0,O0,50000,124048980641770.73,1.0,167075.89107552374,5820.255342190603
B II,0,1e-20,M6,3000,1753765518.7814302,1.0,9.185321465441201e-13,1.1198967022068694e-13
B II,0,1e-20,K1,5000,1753765518.7814302,1.0,1.886704214512098e-09,1.175057060371603e-10
B II,0,1e-20,F8,6000,1753765518.7814302,1.0,2.9979732812042005e-06,1.3378434926230426e-07
B II,0,1e-20,A6,8000,1753765518.7814302,1.0,0.07531332211756388,0.003407940353069613
B II,0,1e-20,A0,10000,1753765518.7814302,1.0,307.09257302889404,13.896775149199007
B II,0,1e-20,B5,15000,1753765518.7814302,1.0,5223.388583959145,236.37231159807104
B II,0,1e-20,B3,19000,1753765518.7814302,1.0,13743.347592405458,621.9002523302835
B II,0,1e-20,B0,30000,1753765518.7814302,1.0,66772.30905407923,3008.934499458139
B II,0,1e-20,O0,50000,1753765518.7814302,1.0,250991.83370417752,9951.633298488978
B II,1,1.0,M6,3000,496463517065.6256,1.0,1.2308111127770196e-12,1.230708795420553e-13
B II,1,1.0,K1,5000,496463517065.6256,1.0,1.9621906852268608e-09,1.4007426873750945e-10
B II,1,1.0,F8,6000,496463517065.6256,1.0,1.7260696303220936e-06,2.0797055267870615e-08
B II,1,1.0,A6,8000,496463517065.6256,1.0,0.04250542401731592,0.000508477823728006
B II,1,1.0,A0,10000,496463517065.6256,1.0,173.3028716190952,2.0733950075139203
B II,1,1.0,B5,15000,496463517065.6256,1.0,2947.7528442550433,35.267471134045955
B II,1,1.0,B3,19000,496463517065.6256,1.0,7756.129745740265,92.79097428575126
B II,1,1.0,B0,30000,496463517065.6256,1.0,37803.69298092242,449.00940050730924
B II,1,1.0,O0,50000,496463517065.6256,1.0,156822.6565150834,1842.1979218982149
B II,10,10.0,M6,3000,4899767334785.996,0.9999999999999999,9.093326311236975e-13,9.092576710285787e-14
B II,10,10.0,K1,5000,4899767334785.996,0.9999999999999999,3.6180653102377636e-09,3.128875135756851e-10
B II,10,10.0,F8,6000,4899767334785.996,0.9999999999999999,1.7256186800892976e-06,2.0243365490365662e-08
B II,10,10.0,A6,8000,4899767334785.996,0.9999999999999999,0.04239444054456465,0.00048397653969696204
B II,10,10.0,A0,10000,4899767334785.996,0.9999999999999999,172.4531648698531,1.9655482895962542
B II,10,10.0,B5,15000,4899767334785.996,0.9999999999999999,2938.8503020031008,33.54307910722144
B II,10,10.0,B3,19000,4899767334785.996,0.9999999999999999,7743.800931514475,88.47676785873892
B II,10,10.0,B0,30000,4899767334785.996,0.9999999999999999,37739.15575801408,428.07456540021985
B II,10,10.0,O0,50000,4899767334785.996,0.9999999999999999,156017.03404236393,1778.0226906832834
B II,100,100.0,M6,3000,48933006417604.7,1.0,1.066879362951959e-12,1.0666933018352503e-13
B II,100,100.0,K1,5000,48933006417604.7,1.0,1.4137742864837584e-08,1.3571624566432546e-09
B II,100,100.0,F8,6000,48933006417604.7,1.0,2.06161681985225e-06,3.67589345819505e-08
B II,100,100.0,A6,8000,48933006417604.7,1.0,0.04196119512265056,0.0004659996127987205
B II,100,100.0,A0,10000,48933006417604.7,1.0,162.76025902034567,1.7510262711539795
B II,100,100.0,B5,15000,48933006417604.7,1.0,2773.607672765964,29.772782217152216
B II,100,100.0,B3,19000,48933006417604.7,1.0,7610.832014552656,84.17569398089093
B II,100,100.0,B0,30000,48933006417604.7,1.0,37180.06581176431,409.79152071822057
B II,100,100.0,O0,50000,48933006417604.7,1.0,144560.12581924332,1636.9808048102343
B III,0,1e-20,M6,3000,7357068833.87864,1.0,8.54802493243637e-12,2.089240843966065e-14
B III,0,1e-20,K1,5000,7357068833.87864,1.0,0.00036049960527765945,8.690527835394079e-07
B III,0,1e-20,F8,6000,7357068833.87864,1.0,0.07244453245431244,0.00018608998085586882
B III,0,1e-20,A6,8000,7357068833.87864,1.0,16.600270033654347,0.03991925874374636
B III,0,1e-20,A0,10000,7357068833.87864,1.0,172.30630529641167,0.4140301022710034
B III,0,1e-20,B5,15000,7357068833.87864,1.0,1454.3143942433983,3.4945014785348905
B III,0,1e-20,B3,19000,7357068833.87864,1.0,3048.0863828380825,7.325245858064611
B III,0,1e-20,B0,30000,7357068833.87864,1.0,11752.396238489331,28.204423735463482
B III,0,1e-20,O0,50000,7357068833.87864,1.0,64261.98448242529,280.69619544692716
B III,1,1.0,M6,3000,1339304626840.4937,1.0,7.422733548502667e-12,8.803415874021354e-15
B III,1,1.0,K1,5000,1339304626840.4937,1.0,0.00030866082323841325,3.449497583886168e-07
B III,1,1.0,F8,6000,1339304626840.4937,1.0,0.06293977580779521,8.185308699776735e-05
B III,1,1.0,A6,8000,1339304626840.4937,1.0,14.178601564836534,0.015553664142925123
B III,1,1.0,A0,10000,1339304626840.4937,1.0,146.80476877836298,0.15813292861758388
B III,1,1.0,B5,15000,1339304626840.4937,1.0,1239.2433700927445,1.335861177649076
B III,1,1.0,B3,19000,1339304626840.4937,1.0,2593.8054616786876,2.768210232091721
B III,1,1.0,B0,30000,1339304626840.4937,1.0,9992.057248129162,10.550073456784771
B III,1,1.0,O0,50000,1339304626840.4937,1.0,57758.92843522257,157.13956737598744
B III,10,10.0,M6,3000,13350858475625.037,1.0,9.969145918993405e-12,1.1598012250559186e-14
B III,10,10.0,K1,5000,13350858475625.037,1.0,0.00031964697959867516,3.48228527086451e-07
B III,10,10.0,F8,6000,13350858475625.037,1.0,0.05918816176455834,7.353662280115724e-05
B III,10,10.0,A6,8000,13350858475625.037,1.0,14.200098295266868,0.015465461715968
B III,10,10.0,A0,10000,13350858475625.037,1.0,146.64550734198266,0.15662321744800478
B III,10,10.0,B5,15000,13350858475625.037,1.0,1239.4870139890902,1.3259650246279866
B III,10,10.0,B3,19000,13350858475625.037,1.0,2595.142385790586,2.748798418329215
B III,10,10.0,B0,30000,13350858475625.037,1.0,10008.4616436205,10.493682234120602
B III,10,10.0,O0,50000,13350858475625.037,1.0,57705.88544781406,155.95998300425578
B III,100,100.0,M6,3000,133466428365085.23,1.0,9.534299139944662e-12,1.0193631551231083e-14
B III,100,100.0,K1,5000,133466428365085.23,1.0,0.00029034583462008237,3.1196519626989963e-07
B III,100,100.0,F8,6000,133466428365085.23,1.0,0.06381636697103517,7.60852209647619e-05
B III,100,100.0,A6,8000,133466428365085.23,1.0,15.290120835911663,0.01675678865417925
B III,100,100.0,A0,10000,133466428365085.23,1.0,147.9604328972309,0.1571025713857253
B III,100,100.0,B5,15000,133466428365085.23,1.0,1254.39090635075,1.3321129558662057
B III,100,100.0,B3,19000,133466428365085.23,1.0,2660.5074280809476,2.833198674326028
B III,100,100.0,B0,30000,133466428365085.23,1.0,10553.053008107017,11.229276279213495
B III,100,100.0,O0,50000,133466428365085.23,1.0,57639.51613232614,156.1362344930517
C I,0,1e-20,M6,3000,130552641.66508238,1.0,2.5715778317170093e-15,1.2172792793384117e-16
C I,0,1e-20,K1,5000,130552641.66508238,1.0,7.807870700108161e-07,3.671765769781403e-08
C I,0,1e-20,F8,6000,130552641.66508238,1.0,5.3488793852900795e-05,2.2762970229127065e-06
C I,0,1e-20,A6,8000,130552641.66508238,1.0,0.021295674665979446,0.0007059787350574569
C I,0,1e-20,A0,10000,130552641.66508238,1.0,33.85083658025114,1.3346339530782507
C I,0,1e-20,B5,15000,130552641.66508238,1.0,1491.5007712761005,46.72135038650687
C I,0,1e-20,B3,19000,130552641.66508238,1.0,5561.557004574754,208.8422131839026
C I,0,1e-20,B0,30000,130552641.66508238,1.0,44838.218464711164,3544.313756232681
C I,0,1e-20,O0,50000,130552641.66508238,1.0,173455.6552903051,13108.921132408856
C I,1,1.0,M6,3000,2818860867106.6763,1.0,2.2769248193931034e-14,5.351677585868204e-15
C I,1,1.0,K1,5000,2818860867106.6763,1.0,4.101744623826355e-07,4.43535624063862e-09
C I,1,1.0,F8,6000,2818860867106.6763,1.0,2.9589771568834693e-05,2.971749467522073e-07
C I,1,1.0,A6,8000,2818860867106.6763,1.0,0.013406877175407705,0.00015528167118688502
C I,1,1.0,A0,10000,2818860867106.6763,1.0,23.02217530519552,0.4516221487842156
C I,1,1.0,B5,15000,2818860867106.6763,1.0,1108.4138711989863,18.722827855151024
C I,1,1.0,B3,19000,2818860867106.6763,1.0,4230.242079795856,77.11748838403392
C I,1,1.0,B0,30000,2818860867106.6763,1.0,33976.954985021825,985.2277669694118
C I,1,1.0,O0,50000,2818860867106.6763,1.0,131996.6345168132,3637.639301735594
C I,10,10.0,M6,3000,28144881569168.06,1.0,2.222213100924007e-14,5.2200690387419355e-15
C I,10,10.0,K1,5000,28144881569168.06,1.0,3.1043749817806654e-07,2.755742467925053e-09
C I,10,10.0,F8,6000,28144881569168.06,1.0,2.8445971860840762e-05,2.7453300225622344e-07
C I,10,10.0,A6,8000,28144881569168.06,1.0,0.013504862170472084,0.00015607535746440813
C I,10,10.0,A0,10000,28144881569168.06,1.0,23.161391458106465,0.45143001635968394
C I,10,10.0,B5,15000,28144881569168.06,1.0,1108.2157819180823,18.730944936053383
C I,10,10.0,B3,19000,28144881569168.06,1.0,4226.990566095474,76.95726447695765
C I,10,10.0,B0,30000,28144881569168.06,1.0,33969.607584770914,979.0358527624622
C I,10,10.0,O0,50000,28144881569168.06,1.0,131976.7937701467,3616.957773508659
C I,100,100.0,M6,3000,281405104609923.28,1.0,2.1541488724779887e-14,5.107831369643354e-15
C I,100,100.0,K1,5000,281405104609923.28,1.0,2.4215537671658485e-07,2.643275981441981e-09
C I,100,100.0,F8,6000,281405104609923.28,1.0,2.369269627412371e-05,2.563072260386291e-07
C I,100,100.0,A6,8000,281405104609923.28,1.0,0.022393377794880747,0.0002854139636982817
C I,100,100.0,A0,10000,281405104609923.28,1.0,28.839906978286596,0.47931205752519396
C I,100,100.0,B5,15000,281405104609923.28,1.0,1198.1654314817908,19.666848312573663
C I,100,100.0,B3,19000,281405104609923.28,1.0,4359.295866022951,76.7291444424836
C I,100,100.0,B0,30000,281405104609923.28,1.0,33526.00622985802,898.5580512675693
C I,100,100.0,O0,50000,281405104609923.28,1.0,130643.96298768498,3464.2484725913328
C II,0,1e-20,M6,3000,5815561698.510885,1.0,4.568441745081387e-16,1.1541504984317677e-17
C II,0,1e-20,K1,5000,5815561698.510885,1.0,2.2399842345825263e-10,6.2749365913113655e-12
C II,0,1e-20,F8,6000,5815561698.510885,1.0,2.5362525257165535e-07,7.91930822380894e-09
C II,0,1e-20,A6,8000,5815561698.510885,1.0,0.0024239734744079117,0.00010044429610996148
C II,0,1e-20,A0,10000,5815561698.510885,1.0,1.9692862546294239,0.08168507561148478
C II,0,1e-20,B5,15000,5815561698.510885,1.0,108.32675698097735,3.333980989696332
C II,0,1e-20,B3,19000,5815561698.510885,1.0,669.047529871762,20.287660549496277
C II,0,1e-20,B0,30000,5815561698.510885,1.0,12015.38149939317,295.08024816332653
C II,0,1e-20,O0,50000,5815561698.510885,1.0,246308.8678385805,5764.0424439491635
C II,1,1.0,M6,3000,2282784822565.7764,0.9999999999999999,6.967725385334949e-16,1.5359690796143766e-17
C II,1,1.0,K1,5000,2282784822565.7764,0.9999999999999999,3.015528796277643e-10,6.759795332903287e-12
C II,1,1.0,F8,6000,2282784822565.7764,0.9999999999999999,2.1427880633564874e-07,3.0028037387539514e-09
C II,1,1.0,A6,8000,2282784822565.7764,0.9999999999999999,0.0019337242188177135,3.57425835468953e-05
C II,1,1.0,A0,10000,2282784822565.7764,0.9999999999999999,1.5694208703173427,0.02906731231374049
C II,1,1.0,B5,15000,2282784822565.7764,0.9999999999999999,86.2218388871618,1.209157531851234
C II,1,1.0,B3,19000,2282784822565.7764,0.9999999999999999,528.3853997952607,7.4546659732433
C II,1,1.0,B0,30000,2282784822565.7764,0.9999999999999999,9133.794772269019,105.38395357273754
C II,1,1.0,O0,50000,2282784822565.7764,0.9999999999999999,182764.27679711688,2325.1957217890476
C II,10,10.0,M6,3000,22385019132054.62,1.0,5.812907347671329e-16,1.2797937158558554e-17
C II,10,10.0,K1,5000,22385019132054.62,1.0,4.906319893644508e-10,1.2045084680160458e-11
C II,10,10.0,F8,6000,22385019132054.62,1.0,2.2303195211126637e-07,3.186434179053167e-09
C II,10,10.0,A6,8000,22385019132054.62,1.0,0.001944197163802378,3.609245013477392e-05
C II,10,10.0,A0,10000,22385019132054.62,1.0,1.5984517562048406,0.029866586758775075
C II,10,10.0,B5,15000,22385019132054.62,1.0,86.88073280797491,1.2204841184104955
C II,10,10.0,B3,19000,22385019132054.62,1.0,531.4223407984739,7.480081301351699
C II,10,10.0,B0,30000,22385019132054.62,1.0,9155.78535839368,105.4971435077847
C II,10,10.0,O0,50000,22385019132054.62,1.0,182984.7367909866,2315.8719829357065
C II,100,100.0,M6,3000,223409402562263.78,1.0,2.5058965722650123e-15,7.315228846799782e-17
C II,100,100.0,K1,5000,223409402562263.78,1.0,9.217783728630735e-10,2.4741821689323633e-11
C II,100,100.0,F8,6000,223409402562263.78,1.0,3.0110762399400744e-07,4.325304990193919e-09
C II,100,100.0,A6,8000,223409402562263.78,1.0,0.0021132778978294156,4.023486361656375e-05
C II,100,100.0,A0,10000,223409402562263.78,1.0,2.850348741374348,0.059445868785770975
C II,100,100.0,B5,15000,223409402562263.78,1.0,99.13826649004045,1.4956565932394585
C II,100,100.0,B3,19000,223409402562263.78,1.0,552.2680192290782,7.629480897663979
C II,100,100.0,B0,30000,223409402562263.78,1.0,9539.267581983519,113.08647153543329
C II,100,100.0,O0,50000,223409402562263.78,1.0,180946.4354888759,2321.0048643917175
C III,0,1e-20,M6,3000,3456629843.528685,1.0,7.716191133636747e-19,6.571660704720947e-20
C III,0,1e-20,K1,5000,3456629843.528685,1.0,5.1357418905259334e-11,4.373571382659944e-12
C III,0,1e-20,F8,6000,3456629843.528685,1.0,1.2024041506873051e-08,1.0213484252312047e-09
C III,0,1e-20,A6,8000,3456629843.528685,1.0,8.292535238551347e-06,6.594187451252791e-07
C III,0,1e-20,A0,10000,3456629843.528685,1.0,0.004468342709066954,0.00013256458462132097
C III,0,1e-20,B5,15000,3456629843.528685,1.0,46.40440147389603,1.3984140277729296
C III,0,1e-20,B3,19000,3456629843.528685,1.0,687.9420389005976,20.731450241732784
C III,0,1e-20,B0,30000,3456629843.528685,1.0,5869.916234250085,176.88565944106725
C III,0,1e-20,O0,50000,3456629843.528685,1.0,186257.42247508853,5468.07801383885
C III,1,1.0,M6,3000,915031587705.4846,1.0,1.0120911073084585e-18,7.084149957632412e-20
C III,1,1.0,K1,5000,915031587705.4846,1.0,6.898628901752059e-11,4.828437815663731e-12
C III,1,1.0,F8,6000,915031587705.4846,1.0,1.6126943652522843e-08,1.1275716781712012e-09
C III,1,1.0,A6,8000,915031587705.4846,1.0,1.0709399394594032e-05,7.277728514994437e-07
C III,1,1.0,A0,10000,915031587705.4846,1.0,0.002582731547900441,2.1056287947024287e-05
C III,1,1.0,B5,15000,915031587705.4846,1.0,26.220652189277896,0.20971759673585516
C III,1,1.0,B3,19000,915031587705.4846,1.0,388.7146962493568,3.109045973044996
C III,1,1.0,B0,30000,915031587705.4846,1.0,3316.833768953805,26.527636630287507
C III,1,1.0,O0,50000,915031587705.4846,1.0,108283.25015676775,968.2198253159258
C III,10,10.0,M6,3000,9024148702584.996,1.0,9.1740007468597e-19,6.421364054766079e-20
C III,10,10.0,K1,5000,9024148702584.996,1.0,6.500097873003659e-11,4.549493745737989e-12
C III,10,10.0,F8,6000,9024148702584.996,1.0,1.578851595487591e-08,1.1038886577159403e-09
C III,10,10.0,A6,8000,9024148702584.996,1.0,1.0687149258132297e-05,7.263033192371002e-07
C III,10,10.0,A0,10000,9024148702584.996,1.0,0.002568778520636674,2.0020396871799223e-05
C III,10,10.0,B5,15000,9024148702584.996,1.0,26.108112360213873,0.19854397322619802
C III,10,10.0,B3,19000,9024148702584.996,1.0,386.89541484163897,2.9412763780012265
C III,10,10.0,B0,30000,9024148702584.996,1.0,3307.8592083514854,25.187976490611742
C III,10,10.0,O0,50000,9024148702584.996,1.0,108006.2273990159,930.6248784614888
C III,100,100.0,M6,3000,90115732306578.4,0.9999999999999999,8.630554812335945e-19,6.041028202311288e-20
C III,100,100.0,K1,5000,90115732306578.4,0.9999999999999999,5.280941004498735e-11,3.696173641968684e-12
C III,100,100.0,F8,6000,90115732306578.4,0.9999999999999999,1.3989810814247942e-08,9.779799359851851e-10
C III,100,100.0,A6,8000,90115732306578.4,0.9999999999999999,9.481412810386055e-06,6.420090475775062e-07
C III,100,100.0,A0,10000,90115732306578.4,0.9999999999999999,0.0025125885192430917,1.9423424317494745e-05
C III,100,100.0,B5,15000,90115732306578.4,0.9999999999999999,25.23026666316256,0.18753878255278542
C III,100,100.0,B3,19000,90115732306578.4,0.9999999999999999,366.6671445390414,2.6855006278673614
C III,100,100.0,B0,30000,90115732306578.4,0.9999999999999999,3430.103509354565,26.632850253374933
C III,100,100.0,O0,50000,90115732306578.4,0.9999999999999999,108969.6147639194,897.6196558577433
N I,0,1e-20,M6,3000,1548093446.104925,1.0,1.7285079730211014e-21,5.760974616722174e-23
N I,0,1e-20,K1,5000,1548093446.104925,1.0,4.32090135640113e-14,1.7848544366675677e-15
N I,0,1e-20,F8,6000,1548093446.104925,1.0,5.912039363440175e-08,1.9591558384275654e-09
N I,0,1e-20,A6,8000,1548093446.104925,1.0,0.0001042198470478524,3.048981886123868e-06
N I,0,1e-20,A0,10000,1548093446.104925,1.0,0.1542324157350064,0.010626532205602795
N I,0,1e-20,B5,15000,1548093446.104925,1.0,549.3496194905463,17.13633694629209
N I,0,1e-20,B3,19000,1548093446.104925,1.0,2502.386452242999,75.049828703746
N I,0,1e-20,B0,30000,1548093446.104925,1.0,24790.841507678735,747.967929954658
N I,0,1e-20,O0,50000,1548093446.104925,1.0,113287.39700023957,4213.690308905091
N I,1,1.0,M6,3000,4245956836719.6772,1.0,8.470721212646116e-15,1.5334754429236418e-15
N I,1,1.0,K1,5000,4245956836719.6772,1.0,9.37800161430065e-12,2.0452648170988145e-12
N I,1,1.0,F8,6000,4245956836719.6772,1.0,3.891504486719365e-08,7.100756655839926e-10
N I,1,1.0,A6,8000,4245956836719.6772,1.0,6.571917883508145e-05,6.15256849785874e-07
N I,1,1.0,A0,10000,4245956836719.6772,1.0,0.12427769602265581,0.004938795343307588
N I,1,1.0,B5,15000,4245956836719.6772,1.0,368.70753734651896,5.426400886510534
N I,1,1.0,B3,19000,4245956836719.6772,1.0,1738.718956132076,25.16559317724307
N I,1,1.0,B0,30000,4245956836719.6772,1.0,18796.420218930973,312.5527498032344
N I,1,1.0,O0,50000,4245956836719.6772,1.0,88625.63846965531,2090.084928365838
N I,10,10.0,M6,3000,42292604191040.75,1.0,2.1751555353974175e-14,5.2868577520609596e-15
N I,10,10.0,K1,5000,42292604191040.75,1.0,1.7614786975807476e-11,5.1908145132442775e-12
N I,10,10.0,F8,6000,42292604191040.75,1.0,4.4652556639556674e-08,7.472110065748402e-10
N I,10,10.0,A6,8000,42292604191040.75,1.0,6.561215357194868e-05,6.087057233664757e-07
N I,10,10.0,A0,10000,42292604191040.75,1.0,0.12521763208191553,0.004969939601393443
N I,10,10.0,B5,15000,42292604191040.75,1.0,368.6912147556179,5.450864183740574
N I,10,10.0,B3,19000,42292604191040.75,1.0,1739.4576250738353,25.22776607596213
N I,10,10.0,B0,30000,42292604191040.75,1.0,18771.856975758492,312.10681656463095
N I,10,10.0,O0,50000,42292604191040.75,1.0,88623.72157603288,2088.3559964420438
N I,100,100.0,M6,3000,422759232914364.4,1.0,3.402833120853605e-14,8.533569462802104e-15
N I,100,100.0,K1,5000,422759232914364.4,1.0,3.186853232041538e-11,1.025052923648506e-11
N I,100,100.0,F8,6000,422759232914364.4,1.0,7.651470506544151e-08,9.406172928376693e-10
N I,100,100.0,A6,8000,422759232914364.4,1.0,6.889078227914493e-05,6.496079705170199e-07
N I,100,100.0,A0,10000,422759232914364.4,1.0,0.15887487319090976,0.006506885509560902
N I,100,100.0,B5,15000,422759232914364.4,1.0,402.19815957103543,6.581746338265521
N I,100,100.0,B3,19000,422759232914364.4,1.0,1861.450221562674,28.916419401880788
N I,100,100.0,B0,30000,422759232914364.4,1.0,18414.15465414213,314.90468210372654
N I,100,100.0,O0,50000,422759232914364.4,1.0,88528.43228296154,2086.8943391118646
N II,0,1e-20,M6,3000,294789876.3527921,0.9999999999999999,1.864852560956142e-27,9.053193490536444e-29
N II,0,1e-20,K1,5000,294789876.3527921,0.9999999999999999,3.15180955628969e-14,1.5300902020942562e-15
N II,0,1e-20,F8,6000,294789876.3527921,0.9999999999999999,1.1095811131428147e-08,5.360122286584928e-10
N II,0,1e-20,A6,8000,294789876.3527921,0.9999999999999999,8.989395383729129e-07,4.011692247923033e-08
N II,0,1e-20,A0,10000,294789876.3527921,0.9999999999999999,0.002551657247124276,0.00011913181369183011
N II,0,1e-20,B5,15000,294789876.3527921,0.9999999999999999,115.57668436746002,5.589117821720107
N II,0,1e-20,B3,19000,294789876.3527921,0.9999999999999999,574.0697422514631,27.37692667405462
N II,0,1e-20,B0,30000,294789876.3527921,0.9999999999999999,5002.200068090034,195.3596794284527
N II,0,1e-20,O0,50000,294789876.3527921,0.9999999999999999,150612.8531355993,6575.266334709545
N II,1,1.0,M6,3000,4021881099256.91,1.0,6.21474244304276e-15,3.1073712215193335e-15
N II,1,1.0,K1,5000,4021881099256.91,1.0,1.0003687562241136e-12,4.899718487467624e-13
N II,1,1.0,F8,6000,4021881099256.91,1.0,6.31798969531483e-09,8.474414111947637e-11
N II,1,1.0,A6,8000,4021881099256.91,1.0,5.579870938372107e-07,8.283273778867716e-09
N II,1,1.0,A0,10000,4021881099256.91,1.0,0.0015907749325527899,2.4634049677906518e-05
N II,1,1.0,B5,15000,4021881099256.91,1.0,72.3390284900836,1.156082739066018
N II,1,1.0,B3,19000,4021881099256.91,1.0,359.107242316552,5.660991395225739
N II,1,1.0,B0,30000,4021881099256.91,1.0,3093.1055187145375,40.194229412351945
N II,1,1.0,O0,50000,4021881099256.91,1.0,99313.9209592332,2111.183509988045
N II,10,10.0,M6,3000,39796047139384.27,0.9999999999999999,5.7768040486173165e-15,2.8884020242763256e-15
N II,10,10.0,K1,5000,39796047139384.27,0.9999999999999999,1.062218721756225e-12,5.156693299329609e-13
N II,10,10.0,F8,6000,39796047139384.27,0.9999999999999999,6.577489221984773e-09,8.941865971432701e-11
N II,10,10.0,A6,8000,39796047139384.27,0.9999999999999999,5.602356321627001e-07,8.337019704246282e-09
N II,10,10.0,A0,10000,39796047139384.27,0.9999999999999999,0.0015997542484342598,2.4839662681969026e-05
N II,10,10.0,B5,15000,39796047139384.27,0.9999999999999999,72.11267001947135,1.1514616431915734
N II,10,10.0,B3,19000,39796047139384.27,0.9999999999999999,357.68051654577346,5.632325420060001
N II,10,10.0,B0,30000,39796047139384.27,0.9999999999999999,3102.2665978514483,40.45149255806724
N II,10,10.0,O0,50000,39796047139384.27,0.9999999999999999,99447.8450553306,2102.0636846646075
N II,100,100.0,M6,3000,397538760072858.94,1.0,6.427747112211968e-15,3.2138735560462477e-15
N II,100,100.0,K1,5000,397538760072858.94,1.0,1.1012189287983906e-12,5.365317374857437e-13
N II,100,100.0,F8,6000,397538760072858.94,1.0,6.673750748763503e-09,8.673299021618727e-11
N II,100,100.0,A6,8000,397538760072858.94,1.0,5.686762974457107e-07,8.492592858144586e-09
N II,100,100.0,A0,10000,397538760072858.94,1.0,0.0017065850534893825,2.6968474711203245e-05
N II,100,100.0,B5,15000,397538760072858.94,1.0,58.297091470663176,0.8919553827115816
N II,100,100.0,B3,19000,397538760072858.94,1.0,302.0523969043517,4.625425981957981
N II,100,100.0,B0,30000,397538760072858.94,1.0,3280.792067182616,44.89333583598508
N II,100,100.0,O0,50000,397538760072858.94,1.0,102470.81735526984,2130.0730816664345
N III,0,1e-20,M6,3000,10295609681.887308,1.0,2.0513159995738888e-20,6.203218608680181e-21
N III,0,1e-20,K1,5000,10295609681.887308,1.0,1.1819954036797923e-11,3.662802918596847e-12
N III,0,1e-20,F8,6000,10295609681.887308,1.0,3.0868518792449045e-09,9.661998212363497e-10
N III,0,1e-20,A6,8000,10295609681.887308,1.0,3.6756588967222987e-06,1.1012749884944587e-06
N III,0,1e-20,A0,10000,10295609681.887308,1.0,0.0006156958176870462,7.877000688741994e-05
N III,0,1e-20,B5,15000,10295609681.887308,1.0,78.93072180769055,10.880310434965615
N III,0,1e-20,B3,19000,10295609681.887308,1.0,483.75673564625833,65.69879632118214
N III,0,1e-20,B0,30000,10295609681.887308,1.0,3721.0519370739967,442.02733816721883
N III,0,1e-20,O0,50000,10295609681.887308,1.0,71471.90502259255,4995.54175322698
N III,1,1.0,M6,3000,3696061019779.455,1.0,2.6684388352366692e-20,6.247002815663513e-21
N III,1,1.0,K1,5000,3696061019779.455,1.0,1.529379225953715e-11,3.685040930673499e-12
N III,1,1.0,F8,6000,3696061019779.455,1.0,3.980852347562305e-09,9.718122365924924e-10
N III,1,1.0,A6,8000,3696061019779.455,1.0,4.718067357543171e-06,1.1082422307013307e-06
N III,1,1.0,A0,10000,3696061019779.455,1.0,0.0005009820229884889,3.205239105283759e-05
N III,1,1.0,B5,15000,3696061019779.455,1.0,59.14932107584608,3.3394459229262003
N III,1,1.0,B3,19000,3696061019779.455,1.0,361.34804879783565,20.160934122434575
N III,1,1.0,B0,30000,3696061019779.455,1.0,2763.9802131950337,135.56324306316148
N III,1,1.0,O0,50000,3696061019779.455,1.0,50720.903271457115,1348.2887938070896
N III,10,10.0,M6,3000,36190294417804.55,1.0,3.016085669448572e-20,7.218039631435369e-21
N III,10,10.0,K1,5000,36190294417804.55,1.0,1.5284526007803738e-11,3.696537851447303e-12
N III,10,10.0,F8,6000,36190294417804.55,1.0,3.9460448347523635e-09,9.626987948764075e-10
N III,10,10.0,A6,8000,36190294417804.55,1.0,4.727965387373092e-06,1.1105959070853793e-06
N III,10,10.0,A0,10000,36190294417804.55,1.0,0.0005024002095569352,3.217021443593749e-05
N III,10,10.0,B5,15000,36190294417804.55,1.0,59.549745749605655,3.3782051189206466
N III,10,10.0,B3,19000,36190294417804.55,1.0,363.82194408645,20.404773874561123
N III,10,10.0,B0,30000,36190294417804.55,1.0,2781.2726702546447,137.08721672980784
N III,10,10.0,O0,50000,36190294417804.55,1.0,50881.076822656505,1345.7881743977323
N III,100,100.0,M6,3000,361136443376650.2,0.9999999999999999,3.0778910418384464e-20,7.4114507963235e-21
N III,100,100.0,K1,5000,361136443376650.2,0.9999999999999999,1.0893873453676704e-11,2.629474877486443e-12
N III,100,100.0,F8,6000,361136443376650.2,0.9999999999999999,2.9695911524086046e-09,7.131870546512511e-10
N III,100,100.0,A6,8000,361136443376650.2,0.9999999999999999,5.183902636895498e-06,1.2264188648127339e-06
N III,100,100.0,A0,10000,361136443376650.2,0.9999999999999999,0.0004218505626461591,2.8180932938037182e-05
N III,100,100.0,B5,15000,361136443376650.2,0.9999999999999999,47.791643016368184,2.443835422773773
N III,100,100.0,B3,19000,361136443376650.2,0.9999999999999999,300.28609640673784,15.296603834194817
N III,100,100.0,B0,30000,361136443376650.2,0.9999999999999999,2532.711861227767,118.30900663363052
N III,100,100.0,O0,50000,361136443376650.2,0.9999999999999999,53788.947405829414,1374.6744709430359
O I,0,1e-20,M6,3000,1582037343.3939605,1.0,1.9781588500556477e-21,9.555080756168515e-23
O I,0,1e-20,K1,5000,1582037343.3939605,1.0,9.48393378452992e-13,4.577620910560767e-14
O I,0,1e-20,F8,6000,1582037343.3939605,1.0,9.356877535549822e-09,4.76438403500052e-10
O I,0,1e-20,A6,8000,1582037343.3939605,1.0,0.00028908783375166796,1.3960617805766367e-05
O I,0,1e-20,A0,10000,1582037343.3939605,1.0,1.3350083755382565,0.06446722333475054
O I,0,1e-20,B5,15000,1582037343.3939605,1.0,112.33243504959202,5.056285918925072
O I,0,1e-20,B3,19000,1582037343.3939605,1.0,549.6827813309505,30.99948274903599
O I,0,1e-20,B0,30000,1582037343.3939605,1.0,7259.317881316273,398.8824499817193
O I,0,1e-20,O0,50000,1582037343.3939605,1.0,56201.423596909175,3347.0691504254487
O I,1,1.0,M6,3000,9900058379315.367,1.0,6.18574201035796e-12,4.3140438910728586e-13
O I,1,1.0,K1,5000,9900058379315.367,1.0,1.790160869798282e-09,1.2480826801566356e-10
O I,1,1.0,F8,6000,9900058379315.367,1.0,1.1811942720599095e-08,4.3995888526395876e-10
O I,1,1.0,A6,8000,9900058379315.367,1.0,0.00015264531711250918,1.7560213859714892e-06
O I,1,1.0,A0,10000,9900058379315.367,1.0,0.704827582670672,0.008109035357621735
O I,1,1.0,B5,15000,9900058379315.367,1.0,65.07132351534679,0.8973099104578772
O I,1,1.0,B3,19000,9900058379315.367,1.0,344.8730088647237,7.063064664545017
O I,1,1.0,B0,30000,9900058379315.367,1.0,5023.996058764968,115.88071844240282
O I,1,1.0,O0,50000,9900058379315.367,1.0,42441.10920092288,971.4609655117916
O I,10,10.0,M6,3000,98646402656272.45,1.0,6.170099357351371e-12,4.3031342766111114e-13
O I,10,10.0,K1,5000,98646402656272.45,1.0,1.8260346325296834e-09,1.2727046185644023e-10
O I,10,10.0,F8,6000,98646402656272.45,1.0,1.3526439049563659e-08,4.4645284332846025e-10
O I,10,10.0,A6,8000,98646402656272.45,1.0,0.00015447831236721336,1.7741054742734265e-06
O I,10,10.0,A0,10000,98646402656272.45,1.0,0.7159757503849662,0.008246977041362747
O I,10,10.0,B5,15000,98646402656272.45,1.0,64.8678397175412,0.8876244912742239
O I,10,10.0,B3,19000,98646402656272.45,1.0,345.03669902171106,7.006490880677249
O I,10,10.0,B0,30000,98646402656272.45,1.0,5021.245507158604,115.61171804317242
O I,10,10.0,O0,50000,98646402656272.45,1.0,42454.71934709848,968.287262178988
O I,100,100.0,M6,3000,986110144879405.0,1.0,6.914280944702822e-12,4.822142278515464e-13
O I,100,100.0,K1,5000,986110144879405.0,1.0,1.7146126088098715e-09,1.1916011615192707e-10
O I,100,100.0,F8,6000,986110144879405.0,1.0,2.8916296685961437e-08,5.335703227523094e-10
O I,100,100.0,A6,8000,986110144879405.0,1.0,0.00025363616938760123,3.654069676980653e-06
O I,100,100.0,A0,10000,986110144879405.0,1.0,1.2935404533272368,0.019304588306561128
O I,100,100.0,B5,15000,986110144879405.0,1.0,77.4715075276799,1.0328450676043535
O I,100,100.0,B3,19000,986110144879405.0,1.0,385.1544684624675,6.790027379165105
O I,100,100.0,B0,30000,986110144879405.0,1.0,5064.827502265436,112.86784747326321
O I,100,100.0,O0,50000,986110144879405.0,1.0,42990.559859038476,977.0494499784544
O II,0,1e-20,M6,3000,3010925852.667385,1.0,1.3207515606666096e-18,4.748694216211528e-19
O II,0,1e-20,K1,5000,3010925852.667385,1.0,6.800766305073244e-14,2.4451804947472762e-14
O II,0,1e-20,F8,6000,3010925852.667385,1.0,4.879722412024272e-10,3.404905122369818e-11
O II,0,1e-20,A6,8000,3010925852.667385,1.0,5.002078263975744e-09,3.462225432239076e-10
O II,0,1e-20,A0,10000,3010925852.667385,1.0,1.5054374365242082e-05,1.0533250483296995e-06
O II,0,1e-20,B5,15000,3010925852.667385,1.0,0.1774340821959126,0.012490622219332458
O II,0,1e-20,B3,19000,3010925852.667385,1.0,8.038914239058686,0.5584602733192946
O II,0,1e-20,B0,30000,3010925852.667385,1.0,662.9353543973684,44.5783897736808
O II,0,1e-20,O0,50000,3010925852.667385,1.0,63647.4825866373,3042.8080804091956
O II,1,1.0,M6,3000,5974367067735.324,1.0,2.9802503319249285e-15,5.42136242970884e-16
O II,1,1.0,K1,5000,5974367067735.324,1.0,4.679105317739013e-12,5.880562828643482e-13
O II,1,1.0,F8,6000,5974367067735.324,1.0,4.3446179615690747e-10,1.7091371582605486e-11
O II,1,1.0,A6,8000,5974367067735.324,1.0,6.224324323986067e-09,4.694900716059907e-10
O II,1,1.0,A0,10000,5974367067735.324,1.0,9.353367103281059e-06,2.029629523314081e-07
O II,1,1.0,B5,15000,5974367067735.324,1.0,0.10983434671826825,0.002192553330071293
O II,1,1.0,B3,19000,5974367067735.324,1.0,4.9845904877762885,0.10178814946187625
O II,1,1.0,B0,30000,5974367067735.324,1.0,417.729671792992,8.415810451937219
O II,1,1.0,O0,50000,5974367067735.324,1.0,45344.79834742978,891.9527011114534
O II,10,10.0,M6,3000,59398483682101.79,1.0,2.927992531970029e-15,5.371456632134127e-16
O II,10,10.0,K1,5000,59398483682101.79,1.0,4.136904492448236e-12,5.495821931913473e-13
O II,10,10.0,F8,6000,59398483682101.79,1.0,4.4170314932948027e-10,1.8178164970068165e-11
O II,10,10.0,A6,8000,59398483682101.79,1.0,6.229669310997984e-09,4.706835909350226e-10
O II,10,10.0,A0,10000,59398483682101.79,1.0,9.344045621849123e-06,1.9993607831897732e-07
O II,10,10.0,B5,15000,59398483682101.79,1.0,0.11154048976988257,0.0022099967308602825
O II,10,10.0,B3,19000,59398483682101.79,1.0,4.991646268569013,0.10063434098442237
O II,10,10.0,B0,30000,59398483682101.79,1.0,417.8603990422645,8.302350791259979
O II,10,10.0,O0,50000,59398483682101.79,1.0,45255.539696107364,880.4547840671488
O II,100,100.0,M6,3000,593640121492504.1,1.0,2.315846947615562e-15,4.2818595556374185e-16
O II,100,100.0,K1,5000,593640121492504.1,1.0,3.195567826724381e-12,3.967519869762036e-13
O II,100,100.0,F8,6000,593640121492504.1,1.0,4.2753666441950666e-10,1.7390243715020543e-11
O II,100,100.0,A6,8000,593640121492504.1,1.0,6.592639939986645e-09,5.255036462544908e-10
O II,100,100.0,A0,10000,593640121492504.1,1.0,9.334026898613835e-06,1.994313886286811e-07
O II,100,100.0,B5,15000,593640121492504.1,1.0,0.14970673777161358,0.0034315322099291185
O II,100,100.0,B3,19000,593640121492504.1,1.0,6.2574310662922725,0.1371925056348251
O II,100,100.0,B0,30000,593640121492504.1,1.0,414.7780824269037,8.127257924639812
O II,100,100.0,O0,50000,593640121492504.1,1.0,44477.32408722019,812.3789214108918
O III,0,1e-20,M6,3000,516484795.3802657,1.0,2.5869217577540674e-39,1.2554939496242932e-40
O III,0,1e-20,K1,5000,516484795.3802657,1.0,5.922377534689765e-23,2.8742284210721644e-24
O III,0,1e-20,F8,6000,516484795.3802657,1.0,1.875970252426719e-10,9.102847938810685e-12
O III,0,1e-20,A6,8000,516484795.3802657,1.0,1.907963595643591e-09,9.244202873523765e-11
O III,0,1e-20,A0,10000,516484795.3802657,1.0,5.928524807485985e-06,2.8512828286842786e-07
O III,0,1e-20,B5,15000,516484795.3802657,1.0,0.33026377979211413,0.013534957586489382
O III,0,1e-20,B3,19000,516484795.3802657,1.0,12.13006552047744,0.4746847407664316
O III,0,1e-20,B0,30000,516484795.3802657,1.0,367.65501470188633,12.771856721226477
O III,0,1e-20,O0,50000,516484795.3802657,1.0,48302.003751307464,2557.562694775049
O III,1,1.0,M6,3000,4479400294566.93,1.0,1.0478620037840955e-14,1.886151606809434e-15
O III,1,1.0,K1,5000,4479400294566.93,1.0,1.7172629715627673e-12,3.091073348737164e-13
O III,1,1.0,F8,6000,4479400294566.93,1.0,1.344608562941926e-10,2.6359239275333305e-12
O III,1,1.0,A6,8000,4479400294566.93,1.0,1.3335782703061085e-09,2.4615055623258203e-11
O III,1,1.0,A0,10000,4479400294566.93,1.0,4.038633191168675e-06,7.359403919712439e-08
O III,1,1.0,B5,15000,4479400294566.93,1.0,0.22005197563163542,0.0032830014278416794
O III,1,1.0,B3,19000,4479400294566.93,1.0,8.093298126277174,0.11541353819765815
O III,1,1.0,B0,30000,4479400294566.93,1.0,248.28672160732975,3.2759530792272997
O III,1,1.0,O0,50000,4479400294566.93,1.0,31509.54016480499,439.3443433286341
O III,10,10.0,M6,3000,43499172479189.87,0.9999999999999999,8.440178903755728e-15,1.519232202674387e-15
O III,10,10.0,K1,5000,43499172479189.87,0.9999999999999999,1.6877487488371699e-12,3.037947747830496e-13
O III,10,10.0,F8,6000,43499172479189.87,0.9999999999999999,1.3575618695956158e-10,2.6800743864713977e-12
O III,10,10.0,A6,8000,43499172479189.87,0.9999999999999999,1.3468115660810401e-09,2.5109081009681817e-11
O III,10,10.0,A0,10000,43499172479189.87,0.9999999999999999,4.0797678423990655e-06,7.516588320401324e-08
O III,10,10.0,B5,15000,43499172479189.87,0.9999999999999999,0.2221929952789332,0.0033441154221463443
O III,10,10.0,B3,19000,43499172479189.87,0.9999999999999999,8.176311985735456,0.11763143056317389
O III,10,10.0,B0,30000,43499172479189.87,0.9999999999999999,250.73784324173636,3.342925862309198
O III,10,10.0,O0,50000,43499172479189.87,0.9999999999999999,31746.448855514776,420.54037718751243
O III,100,100.0,M6,3000,433705811281993.25,1.0,7.102974955571554e-15,1.2785354920015792e-15
O III,100,100.0,K1,5000,433705811281993.25,1.0,1.616879284032921e-12,2.910382711182962e-13
O III,100,100.0,F8,6000,433705811281993.25,1.0,1.3552519098241064e-10,2.6643932879176067e-12
O III,100,100.0,A6,8000,433705811281993.25,1.0,1.3466734805191562e-09,2.512291080045083e-11
O III,100,100.0,A0,10000,433705811281993.25,1.0,4.079735822750572e-06,7.522418270395987e-08
O III,100,100.0,B5,15000,433705811281993.25,1.0,0.18012019221476805,0.0023647047133126798
O III,100,100.0,B3,19000,433705811281993.25,1.0,6.922467856749849,0.08879408280706498
O III,100,100.0,B0,30000,433705811281993.25,1.0,258.70380081806826,3.3193432594013794
O III,100,100.0,O0,50000,433705811281993.25,1.0,34924.355216955766,475.90483216267194
F I,0,1e-20,M6,3000,64324116526.38914,1.0,2.9581366018510467e-33,2.2574971501846683e-34
F I,0,1e-20,K1,5000,64324116526.38914,1.0,9.384042432413959e-19,7.73616436941723e-20
F I,0,1e-20,F8,6000,64324116526.38914,1.0,1.0117666309580016e-11,9.613809711107006e-13
F I,0,1e-20,A6,8000,64324116526.38914,1.0,4.545912241760206e-09,3.0032563863793613e-10
F I,0,1e-20,A0,10000,64324116526.38914,1.0,4.6763266640795116e-05,3.1301342485340776e-06
F I,0,1e-20,B5,15000,64324116526.38914,1.0,0.8810168503411037,0.065660704998029
F I,0,1e-20,B3,19000,64324116526.38914,1.0,11.2741773538709,0.7181910788454765
F I,0,1e-20,B0,30000,64324116526.38914,1.0,2544.3855934906765,173.72031585376274
F I,0,1e-20,O0,50000,64324116526.38914,1.0,15621.18512935759,853.9628575125492
F I,1,1.0,M6,3000,8601331309965.052,1.0,3.093793512307908e-33,1.6305034616440281e-34
F I,1,1.0,K1,5000,8601331309965.052,1.0,1.003128917203753e-18,5.636085210214651e-20
F I,1,1.0,F8,6000,8601331309965.052,1.0,1.149798741975936e-11,7.293581127826522e-13
F I,1,1.0,A6,8000,8601331309965.052,1.0,4.61116326286536e-09,2.1029517160736902e-10
F I,1,1.0,A0,10000,8601331309965.052,1.0,4.724724882855342e-05,2.1867749906267913e-06
F I,1,1.0,B5,15000,8601331309965.052,1.0,0.931052616570968,0.04866449435265304
F I,1,1.0,B3,19000,8601331309965.052,1.0,9.504507046441038,0.22480491345590123
F I,1,1.0,B0,30000,8601331309965.052,1.0,2081.7101456412483,51.26609915077336
F I,1,1.0,O0,50000,8601331309965.052,1.0,14153.33282048809,365.4661582270919
F I,10,10.0,M6,3000,85617965002343.45,0.9999999999999999,3.3003752906125005e-33,1.7387974608738772e-34
F I,10,10.0,K1,5000,85617965002343.45,0.9999999999999999,1.1420424550495185e-18,6.551176382974572e-20
F I,10,10.0,F8,6000,85617965002343.45,0.9999999999999999,1.1507049792602158e-11,7.280355193920648e-13
F I,10,10.0,A6,8000,85617965002343.45,0.9999999999999999,4.628359011442226e-09,2.1040759434073192e-10
F I,10,10.0,A0,10000,85617965002343.45,0.9999999999999999,4.7421669729099956e-05,2.184498224768111e-06
F I,10,10.0,B5,15000,85617965002343.45,0.9999999999999999,0.9421263554716176,0.048644256242814994
F I,10,10.0,B3,19000,85617965002343.45,0.9999999999999999,10.074231945458648,0.24990332948024221
F I,10,10.0,B0,30000,85617965002343.45,0.9999999999999999,2078.9790588817955,50.35220894016094
F I,10,10.0,O0,50000,85617965002343.45,0.9999999999999999,14147.512627250635,362.68357620808644
F I,100,100.0,M6,3000,855784731511786.4,1.0,1.247504467885465e-31,4.9727392366933395e-33
F I,100,100.0,K1,5000,855784731511786.4,1.0,1.1442088201907244e-17,5.122466235861516e-19
F I,100,100.0,F8,6000,855784731511786.4,1.0,1.653587567086909e-11,8.263397606402694e-13
F I,100,100.0,A6,8000,855784731511786.4,1.0,6.277970886680698e-09,2.471174356123719e-10
F I,100,100.0,A0,10000,855784731511786.4,1.0,5.9462189417468155e-05,2.2968592897261482e-06
F I,100,100.0,B5,15000,855784731511786.4,1.0,1.1976851526843055,0.042808687034355516
F I,100,100.0,B3,19000,855784731511786.4,1.0,26.73828113359196,0.9392999715492469
F I,100,100.0,B0,30000,855784731511786.4,1.0,2026.7269082678365,48.855514820744176
F I,100,100.0,O0,50000,855784731511786.4,1.0,14241.468988990882,368.2711690711826
F II,0,1e-20,M6,3000,2737572311.335389,1.0,3.696712861420225e-10,9.504893557749482e-11
F II,0,1e-20,K1,5000,2737572311.335389,1.0,1.8581981206401784e-07,4.777751480300135e-08
F II,0,1e-20,F8,6000,2737572311.335389,1.0,7.27718525480398e-07,1.871073227051177e-07
F II,0,1e-20,A6,8000,2737572311.335389,1.0,5.323889558162254e-06,1.3688648622826167e-06
F II,0,1e-20,A0,10000,2737572311.335389,1.0,1.551047228437863e-05,3.9876440572209195e-06
F II,0,1e-20,B5,15000,2737572311.335389,1.0,0.5919739876943665,0.4718637811577725
F II,0,1e-20,B3,19000,2737572311.335389,1.0,2.4181882827070056,1.5338023960539868
F II,0,1e-20,B0,30000,2737572311.335389,1.0,267.32483575347646,174.25804281056233
F II,0,1e-20,O0,50000,2737572311.335389,1.0,26214.45940360644,15590.288244829473
F II,1,1.0,M6,3000,2665749484770.176,1.0,5.618717689678902e-10,1.4046437787873473e-10
F II,1,1.0,K1,5000,2665749484770.176,1.0,2.8921029126069427e-07,7.230073804363395e-08
F II,1,1.0,F8,6000,2665749484770.176,1.0,1.139116198217402e-06,2.8477066927759686e-07
F II,1,1.0,A6,8000,2665749484770.176,1.0,8.329099233331944e-06,2.0822187671949782e-06
F II,1,1.0,A0,10000,2665749484770.176,1.0,2.4264407126370892e-05,6.065710915937672e-06
F II,1,1.0,B5,15000,2665749484770.176,1.0,0.31945155291539473,0.0663066430433018
F II,1,1.0,B3,19000,2665749484770.176,1.0,1.473887849780107,0.29906127855888637
F II,1,1.0,B0,30000,2665749484770.176,1.0,160.26549387165443,31.618534684555737
F II,1,1.0,O0,50000,2665749484770.176,1.0,16815.902509858086,3847.4288841566813
F II,10,10.0,M6,3000,25670065513226.94,1.0,4.327426670262001e-10,1.0818292259266171e-10
F II,10,10.0,K1,5000,25670065513226.94,1.0,2.266274333604008e-07,5.6655420368500454e-08
F II,10,10.0,F8,6000,25670065513226.94,1.0,1.1850508621559133e-06,2.962540563470191e-07
F II,10,10.0,A6,8000,25670065513226.94,1.0,8.330098204694405e-06,2.082468521568892e-06
F II,10,10.0,A0,10000,25670065513226.94,1.0,2.426464547393318e-05,6.065771724651241e-06
F II,10,10.0,B5,15000,25670065513226.94,1.0,0.3166331427785956,0.05807404417784864
F II,10,10.0,B3,19000,25670065513226.94,1.0,1.468039183753971,0.2797183083556154
F II,10,10.0,B0,30000,25670065513226.94,1.0,159.4127743277254,29.20745721698494
F II,10,10.0,O0,50000,25670065513226.94,1.0,16763.186189675238,3677.25147255813
F II,100,100.0,M6,3000,255721962236522.25,0.9999999999999999,6.014516519052237e-10,1.5035910022214999e-10
F II,100,100.0,K1,5000,255721962236522.25,0.9999999999999999,3.204773357682186e-07,8.011730190030627e-08
F II,100,100.0,F8,6000,255721962236522.25,0.9999999999999999,1.4111874321112964e-06,3.527868102225462e-07
F II,100,100.0,A6,8000,255721962236522.25,0.9999999999999999,8.361561498712531e-06,2.0903344005845306e-06
F II,100,100.0,A0,10000,255721962236522.25,0.9999999999999999,2.4267012507396374e-05,6.0663640868989734e-06
F II,100,100.0,B5,15000,255721962236522.25,0.9999999999999999,0.31040640546107345,0.0487366037543173
F II,100,100.0,B3,19000,255721962236522.25,0.9999999999999999,2.039813188547263,0.3945869161693932
F II,100,100.0,B0,30000,255721962236522.25,0.9999999999999999,156.02622458526002,29.604691358945576
F II,100,100.0,O0,50000,255721962236522.25,0.9999999999999999,16906.061176033825,3784.082423459984
F III,0,1e-20,M6,3000,4867152703.732437,0.9999999999999999,1.3341859190814532e-22,6.0622976806638e-23
F III,0,1e-20,K1,5000,4867152703.732437,0.9999999999999999,7.742422245800016e-15,3.576632240142255e-15
F III,0,1e-20,F8,6000,4867152703.732437,0.9999999999999999,8.017352060527806e-13,3.7103228577698985e-13
F III,0,1e-20,A6,8000,4867152703.732437,0.9999999999999999,4.2577190804844053e-10,1.9583670397136368e-10
F III,0,1e-20,A0,10000,4867152703.732437,0.9999999999999999,8.44883390302545e-09,3.887383438190208e-09
F III,0,1e-20,B5,15000,4867152703.732437,0.9999999999999999,8.822692174819112e-08,4.055912901091068e-08
F III,0,1e-20,B3,19000,4867152703.732437,0.9999999999999999,1.8365066139008326e-07,8.443589711620489e-08
F III,0,1e-20,B0,30000,4867152703.732437,0.9999999999999999,7.521200505360676e-07,3.457730914803812e-07
F III,0,1e-20,O0,50000,4867152703.732437,0.9999999999999999,2.7377382041150696e-06,1.2600054431458486e-06
F III,1,1.0,M6,3000,2.385315252945071e+21,0.9999999999999999,2.0248031576389876e-16,4.2451807669285877e-17
F III,1,1.0,K1,5000,2.385315252945071e+21,0.9999999999999999,1.3405474292835525e-12,2.7725882196653457e-13
F III,1,1.0,F8,6000,2.385315252945071e+21,0.9999999999999999,2.808859951813763e-11,5.525557381376232e-12
F III,1,1.0,A6,8000,2.385315252945071e+21,0.9999999999999999,1.7748598305211807e-09,1.4629064489994607e-10
F III,1,1.0,A0,10000,2.385315252945071e+21,0.9999999999999999,3.160761038028399e-08,2.7302875369100605e-09
F III,1,1.0,B5,15000,2.385315252945071e+21,0.9999999999999999,3.2595595225974887e-07,2.8557342392945915e-08
F III,1,1.0,B3,19000,2.385315252945071e+21,0.9999999999999999,6.76532939974995e-07,5.9393857347880613e-08
F III,1,1.0,B0,30000,2.385315252945071e+21,0.9999999999999999,2.759863875894158e-06,2.432260198437217e-07
F III,1,1.0,O0,50000,2.385315252945071e+21,0.9999999999999999,9.97919658332285e-06,8.803511143825112e-07
F III,10,10.0,M6,3000,2.385315252935501e+22,0.9999999999999999,1.971577446441778e-16,4.149820292548652e-17
F III,10,10.0,K1,5000,2.385315252935501e+22,0.9999999999999999,1.4455072798129013e-12,3.0067133881842263e-13
F III,10,10.0,F8,6000,2.385315252935501e+22,0.9999999999999999,2.9167820298402966e-11,5.812741095251264e-12
F III,10,10.0,A6,8000,2.385315252935501e+22,0.9999999999999999,1.781549719680932e-09,1.4727706022200017e-10
F III,10,10.0,A0,10000,2.385315252935501e+22,0.9999999999999999,3.166741880146635e-08,2.7395173227296767e-09
F III,10,10.0,B5,15000,2.385315252935501e+22,0.9999999999999999,3.25604493355406e-07,2.84972966761957e-08
F III,10,10.0,B3,19000,2.385315252935501e+22,0.9999999999999999,6.758798913995939e-07,5.9283315214040686e-08
F III,10,10.0,B0,30000,2.385315252935501e+22,0.9999999999999999,2.755399148962865e-06,2.4250620942018e-07
F III,10,10.0,O0,50000,2.385315252935501e+22,0.9999999999999999,9.979289987536251e-06,8.803659788440492e-07
F III,100,100.0,M6,3000,2.385315252934543e+23,1.0,1.6904162160771449e-16,3.5613502352054615e-17
F III,100,100.0,K1,5000,2.385315252934543e+23,1.0,1.868730951620131e-12,3.9127399811468736e-13
F III,100,100.0,F8,6000,2.385315252934543e+23,1.0,3.015040987811008e-11,6.0015863834302734e-12
F III,100,100.0,A6,8000,2.385315252934543e+23,1.0,2.082679837141263e-09,1.8345821941394896e-10
F III,100,100.0,A0,10000,2.385315252934543e+23,1.0,3.338514590453906e-08,2.946604522197732e-09
F III,100,100.0,B5,15000,2.385315252934543e+23,1.0,3.12313406195342e-07,2.7223024610207898e-08
F III,100,100.0,B3,19000,2.385315252934543e+23,1.0,6.643618673596636e-07,5.8664377638350075e-08
F III,100,100.0,B0,30000,2.385315252934543e+23,1.0,2.66910217242761e-06,2.3619739919438016e-07
F III,100,100.0,O0,50000,2.385315252934543e+23,1.0,9.97524737701417e-06,8.795721612375012e-07
Ne I,0,1e-20,M6,3000,37865201855.16301,1.0,5.1698867489229134e-45,1.3336434603173097e-46
Ne I,0,1e-20,K1,5000,37865201855.16301,1.0,1.4429283483760164e-26,3.9315265489208004e-28
Ne I,0,1e-20,F8,6000,37865201855.16301,1.0,1.6281265270338203e-12,5.115051648424746e-14
Ne I,0,1e-20,A6,8000,37865201855.16301,1.0,1.3383459212196458e-11,3.7581442786681163e-13
Ne I,0,1e-20,A0,10000,37865201855.16301,1.0,1.3522464717110175e-07,3.825279568266459e-09
Ne I,0,1e-20,B5,15000,37865201855.16301,1.0,0.02658711937751904,0.0006967001369109696
Ne I,0,1e-20,B3,19000,37865201855.16301,1.0,1.9355499537940342,0.054373579925890245
Ne I,0,1e-20,B0,30000,37865201855.16301,1.0,154.1186643111578,3.5790829301342626
Ne I,0,1e-20,O0,50000,37865201855.16301,1.0,18225.237912375578,419.05010005360873
Ne I,1,1.0,M6,3000,6361390934884.745,1.0,4.864521785425666e-45,5.759052284283854e-47
Ne I,1,1.0,K1,5000,6361390934884.745,1.0,1.2989820035594197e-26,1.425109114997396e-28
Ne I,1,1.0,F8,6000,6361390934884.745,1.0,2.0515435194201098e-12,5.510342541974872e-14
Ne I,1,1.0,A6,8000,6361390934884.745,1.0,1.1759007815859149e-11,1.260384093841488e-13
Ne I,1,1.0,A0,10000,6361390934884.745,1.0,1.1804610085225017e-07,1.2574877383366513e-09
Ne I,1,1.0,B5,15000,6361390934884.745,1.0,0.025830351288577948,0.0004509479774461856
Ne I,1,1.0,B3,19000,6361390934884.745,1.0,1.6852860657094153,0.018462736589818722
Ne I,1,1.0,B0,30000,6361390934884.745,1.0,153.28720149442162,2.0394787996995745
Ne I,1,1.0,O0,50000,6361390934884.745,1.0,18695.11498675154,288.4846144655805
Ne I,10,10.0,M6,3000,63392117319012.15,1.0,4.8615368554124127e-45,5.722877013574235e-47
Ne I,10,10.0,K1,5000,63392117319012.15,1.0,1.298100330708479e-26,1.412058399147013e-28
Ne I,10,10.0,F8,6000,63392117319012.15,1.0,2.0516747884678936e-12,5.509852103154514e-14
Ne I,10,10.0,A6,8000,63392117319012.15,1.0,1.1750402232082193e-11,1.246734678505856e-13
Ne I,10,10.0,A0,10000,63392117319012.15,1.0,1.1795771746148771e-07,1.243264136478038e-09
Ne I,10,10.0,B5,15000,63392117319012.15,1.0,0.025824670238408277,0.00044919602604305726
Ne I,10,10.0,B3,19000,63392117319012.15,1.0,1.681053125908192,0.01818112837459255
Ne I,10,10.0,B0,30000,63392117319012.15,1.0,153.27007590591404,2.0331535089814206
Ne I,10,10.0,O0,50000,63392117319012.15,1.0,18687.938814907175,287.9689987787298
Ne I,100,100.0,M6,3000,633699563904520.2,1.0,4.856617263519993e-45,5.708491650824717e-47
Ne I,100,100.0,K1,5000,633699563904520.2,1.0,1.2977697806883999e-26,1.4103080516590055e-28
Ne I,100,100.0,F8,6000,633699563904520.2,1.0,2.0552072795439646e-12,5.52848948863319e-14
Ne I,100,100.0,A6,8000,633699563904520.2,1.0,1.1752454815562251e-11,1.2459207548135696e-13
Ne I,100,100.0,A0,10000,633699563904520.2,1.0,1.1797330218319037e-07,1.2423798773090515e-09
Ne I,100,100.0,B5,15000,633699563904520.2,1.0,0.023551757288602298,0.0004221889838331991
Ne I,100,100.0,B3,19000,633699563904520.2,1.0,1.1789834071265457,0.0101239999289309
Ne I,100,100.0,B0,30000,633699563904520.2,1.0,164.18353270668862,2.1013327356991782
Ne I,100,100.0,O0,50000,633699563904520.2,1.0,18640.875023163782,287.07886668023144
Ne II,0,1e-20,M6,3000,591997532735.7283,1.0,9.546026800859844e-74,9.827440479066554e-75
Ne II,0,1e-20,K1,5000,591997532735.7283,1.0,1.1217768662662232e-44,1.1548464731978466e-45
Ne II,0,1e-20,F8,6000,591997532735.7283,1.0,3.7934465267383615e-14,3.905276061940771e-15
Ne II,0,1e-20,A6,8000,591997532735.7283,1.0,8.476263172860158e-22,8.726140577007798e-23
Ne II,0,1e-20,A0,10000,591997532735.7283,1.0,1.197931985819959e-15,1.233246620212217e-16
Ne II,0,1e-20,B5,15000,591997532735.7283,1.0,0.00010510514146815162,1.0820360589487258e-05
Ne II,0,1e-20,B3,19000,591997532735.7283,1.0,0.01119095211832022,0.0011520857644875832
Ne II,0,1e-20,B0,30000,591997532735.7283,1.0,0.35694023830479465,0.03674627171807479
Ne II,0,1e-20,O0,50000,591997532735.7283,1.0,936.9961853858921,96.46185196298468
Ne II,1,1.0,M6,3000,16822441773257.293,1.0,7.803822469090694e-74,3.198944978327387e-75
Ne II,1,1.0,K1,5000,16822441773257.293,1.0,9.170461907236614e-45,3.75915817963442e-46
Ne II,1,1.0,F8,6000,16822441773257.293,1.0,3.1011209017335245e-14,1.2712123033396578e-15
Ne II,1,1.0,A6,8000,16822441773257.293,1.0,6.929296804020491e-22,2.840459185528372e-23
Ne II,1,1.0,A0,10000,16822441773257.293,1.0,9.793025666492138e-16,4.014359681109778e-17
Ne II,1,1.0,B5,15000,16822441773257.293,1.0,8.592285373976086e-05,3.5221519016230734e-06
Ne II,1,1.0,B3,19000,16822441773257.293,1.0,0.009148539535170707,0.00037501717550571023
Ne II,1,1.0,B0,30000,16822441773257.293,1.0,0.2917966091981476,0.011961334351012454
Ne II,1,1.0,O0,50000,16822441773257.293,1.0,765.9890379008848,31.39944297749227
Ne II,10,10.0,M6,3000,164814263712044.9,0.9999999999999999,7.762072425106822e-74,2.9611665850582965e-75
Ne II,10,10.0,K1,5000,164814263712044.9,0.9999999999999999,9.121747480627043e-45,3.480111579952347e-46
Ne II,10,10.0,F8,6000,164814263712044.9,0.9999999999999999,3.084635085693095e-14,1.1768355804014565e-15
Ne II,10,10.0,A6,8000,164814263712044.9,0.9999999999999999,6.892492652454e-22,2.6296141484900816e-23
Ne II,10,10.0,A0,10000,164814263712044.9,0.9999999999999999,9.741020813440167e-16,3.716387389707718e-17
Ne II,10,10.0,B5,15000,164814263712044.9,0.9999999999999999,8.54825290709965e-05,3.2626502021311593e-06
Ne II,10,10.0,B3,19000,164814263712044.9,0.9999999999999999,0.009101756371853644,0.00034738722157872054
Ne II,10,10.0,B0,30000,164814263712044.9,0.9999999999999999,0.29025202235785735,0.011074038795812188
Ne II,10,10.0,O0,50000,164814263712044.9,0.9999999999999999,765.7897422687616,29.485495052345406
Ne II,100,100.0,M6,3000,1644748906905694.5,1.0,7.703158774734045e-74,2.9054767413692233e-75
Ne II,100,100.0,K1,5000,1644748906905694.5,1.0,9.098324615482705e-45,3.4381862438754616e-46
Ne II,100,100.0,F8,6000,1644748906905694.5,1.0,3.076957819392806e-14,1.163300664557378e-15
Ne II,100,100.0,A6,8000,1644748906905694.5,1.0,6.881992593490851e-22,2.6035314144766734e-23
Ne II,100,100.0,A0,10000,1644748906905694.5,1.0,9.728515084664563e-16,3.6810259049016534e-17
Ne II,100,100.0,B5,15000,1644748906905694.5,1.0,0.00011495400669315684,5.568598365057901e-06
Ne II,100,100.0,B3,19000,1644748906905694.5,1.0,0.010848831438946558,0.0004791505936937482
Ne II,100,100.0,B0,30000,1644748906905694.5,1.0,0.29197369373908827,0.01111045882703411
Ne II,100,100.0,O0,50000,1644748906905694.5,1.0,1587.1980494191173,81.03173873695795
Ne III,0,1e-20,M6,3000,4195554439.9945354,1.0,1.2156434447140988e-12,6.979930548898433e-14
Ne III,0,1e-20,K1,5000,4195554439.9945354,1.0,5.057908126051636e-10,2.9041284758338317e-11
Ne III,0,1e-20,F8,6000,4195554439.9945354,1.0,4.986829811387175e-09,2.857274439472366e-10
Ne III,0,1e-20,A6,8000,4195554439.9945354,1.0,4.721111820330742e-08,2.7107481854746404e-09
Ne III,0,1e-20,A0,10000,4195554439.9945354,1.0,1.7969021661557014e-07,1.0317372731659384e-08
Ne III,0,1e-20,B5,15000,4195554439.9945354,1.0,0.002386069254879759,0.00036424624033196156
Ne III,0,1e-20,B3,19000,4195554439.9945354,1.0,0.17101015317771429,0.02576212975883988
Ne III,0,1e-20,B0,30000,4195554439.9945354,1.0,2.439373235248237,0.3868599762372291
Ne III,0,1e-20,O0,50000,4195554439.9945354,1.0,13556.647045189293,1903.669607139679
Ne III,1,1.0,M6,3000,10601293688728.979,1.0,4.950428119216436e-12,1.4851284104647358e-13
Ne III,1,1.0,K1,5000,10601293688728.979,1.0,2.0845724430812826e-09,6.253717223654984e-11
Ne III,1,1.0,F8,6000,10601293688728.979,1.0,2.0390340027931472e-08,6.115240571771734e-10
Ne III,1,1.0,A6,8000,10601293688728.979,1.0,1.9335509781733879e-07,5.8006528361190245e-09
Ne III,1,1.0,A0,10000,10601293688728.979,1.0,7.359299107724073e-07,2.2077895478965785e-08
Ne III,1,1.0,B5,15000,10601293688728.979,1.0,0.0013110707035984303,5.4946208582140545e-05
Ne III,1,1.0,B3,19000,10601293688728.979,1.0,0.09581338170093925,0.004513647739957543
Ne III,1,1.0,B0,30000,10601293688728.979,1.0,1.4590452844890502,0.10476119355447457
Ne III,1,1.0,O0,50000,10601293688728.979,1.0,8129.477619110258,446.2088364794058
Ne III,10,10.0,M6,3000,104504873456601.66,1.0,4.692218836855877e-12,1.407665627787781e-13
Ne III,10,10.0,K1,5000,104504873456601.66,1.0,2.4808937705611946e-09,7.442681191774638e-11
Ne III,10,10.0,F8,6000,104504873456601.66,1.0,2.085919908652199e-08,6.255902565223914e-10
Ne III,10,10.0,A6,8000,104504873456601.66,1.0,1.932148483529716e-07,5.7964453535907265e-09
Ne III,10,10.0,A0,10000,104504873456601.66,1.0,7.357974998037308e-07,2.207392315842364e-08
Ne III,10,10.0,B5,15000,104504873456601.66,1.0,0.0012866169946904415,5.143804452455824e-05
Ne III,10,10.0,B3,19000,104504873456601.66,1.0,0.09434217170956323,0.004312723110504681
Ne III,10,10.0,B0,30000,104504873456601.66,1.0,1.457065974064846,0.10324991896579445
Ne III,10,10.0,O0,50000,104504873456601.66,1.0,8118.525613501938,437.7026966244606
Ne III,100,100.0,M6,3000,1043545758123051.9,1.0,4.524803360646691e-12,1.357440985178551e-13
Ne III,100,100.0,K1,5000,1043545758123051.9,1.0,2.187084593349889e-09,6.561253664360986e-11
Ne III,100,100.0,F8,6000,1043545758123051.9,1.0,1.92513957036399e-08,5.773561657202656e-10
Ne III,100,100.0,A6,8000,1043545758123051.9,1.0,1.8841001529371276e-07,5.652300363675439e-09
Ne III,100,100.0,A0,10000,1043545758123051.9,1.0,7.330158922092226e-07,2.1990474932164354e-08
Ne III,100,100.0,B5,15000,1043545758123051.9,1.0,0.0008811981818295144,3.5130455589047774e-05
Ne III,100,100.0,B3,19000,1043545758123051.9,1.0,0.07009216974209266,0.0034665477830309035
Ne III,100,100.0,B0,30000,1043545758123051.9,1.0,1.4774758804578463,0.10351341938501428
Ne III,100,100.0,O0,50000,1043545758123051.9,1.0,8718.924654519558,493.1747560916753
Na I,0,1e-20,M6,3000,905077634.3891646,1.0,0.0005880464153101047,4.710689239906545e-06
Na I,0,1e-20,K1,5000,905077634.3891646,1.0,1.1502759830589813,0.009207843419226206
Na I,0,1e-20,F8,6000,905077634.3891646,1.0,41.02813852144822,0.3274807717622707
Na I,0,1e-20,A6,8000,905077634.3891646,1.0,312.70715711484746,2.492110246246133
Na I,0,1e-20,A0,10000,905077634.3891646,1.0,800.7222822017271,6.364461921244012
Na I,0,1e-20,B5,15000,905077634.3891646,1.0,1825.282917961101,14.385778934524243
Na I,0,1e-20,B3,19000,905077634.3891646,1.0,2337.151409405461,18.349860039839143
Na I,0,1e-20,B0,30000,905077634.3891646,1.0,4316.723225026688,33.786586985364345
Na I,0,1e-20,O0,50000,905077634.3891646,1.0,10254.11074117979,80.35489741981468
Na I,1,1.0,M6,3000,177387083404.92554,1.0,0.0005185687199966554,1.914208927192997e-06
Na I,1,1.0,K1,5000,177387083404.92554,1.0,1.065149932281661,0.0040496469855579335
Na I,1,1.0,F8,6000,177387083404.92554,1.0,35.12022429966712,0.12723815589594192
Na I,1,1.0,A6,8000,177387083404.92554,1.0,266.65242448260096,0.9437650101888598
Na I,1,1.0,A0,10000,177387083404.92554,1.0,683.4216559400382,2.4110465263760603
Na I,1,1.0,B5,15000,177387083404.92554,1.0,1564.5955435454805,5.526018388397012
Na I,1,1.0,B3,19000,177387083404.92554,1.0,2009.5408428335854,7.168400333183061
Na I,1,1.0,B0,30000,177387083404.92554,1.0,3734.5853410514383,13.788481678271857
Na I,1,1.0,O0,50000,177387083404.92554,1.0,8890.697600013384,33.453605380098196
Na I,10,10.0,M6,3000,1768681134814.726,1.0,0.005319521330553275,2.5193512299058448e-05
Na I,10,10.0,K1,5000,1768681134814.726,1.0,4.78334882569714,0.021453300623455577
Na I,10,10.0,F8,6000,1768681134814.726,1.0,39.04462356368813,0.1464306836323111
Na I,10,10.0,A6,8000,1768681134814.726,1.0,266.5734261904713,0.936606074860546
Na I,10,10.0,A0,10000,1768681134814.726,1.0,683.09370990722,2.3921495448517747
Na I,10,10.0,B5,15000,1768681134814.726,1.0,1563.6663195185738,5.483462341506772
Na I,10,10.0,B3,19000,1768681134814.726,1.0,2007.6885325624555,7.112893696984791
Na I,10,10.0,B0,30000,1768681134814.726,1.0,3731.521961128534,13.6947642176429
Na I,10,10.0,O0,50000,1768681134814.726,1.0,8886.040921963331,33.248324040461455
Na I,100,100.0,M6,3000,17681625236391.734,1.0,0.01929072307037032,7.978060514787902e-05
Na I,100,100.0,K1,5000,17681625236391.734,1.0,15.308777066279497,0.05986343403014049
Na I,100,100.0,F8,6000,17681625236391.734,1.0,62.040497065540436,0.22702891436667674
Na I,100,100.0,A6,8000,17681625236391.734,1.0,272.88400093346416,0.9671926864171335
Na I,100,100.0,A0,10000,17681625236391.734,1.0,687.5849722093872,2.4122293460923356
Na I,100,100.0,B5,15000,17681625236391.734,1.0,1567.5276022602932,5.496879397467103
Na I,100,100.0,B3,19000,17681625236391.734,1.0,2016.6183112023969,7.14733025497976
Na I,100,100.0,B0,30000,17681625236391.734,1.0,3735.5250902678245,13.704371283206207
Na I,100,100.0,O0,50000,17681625236391.734,1.0,8885.125937878003,33.22514229429155
Na II,0,1e-20,M6,3000,111321654335.56674,1.0,7.452185738949934e-91,8.731153234949159e-92
Na II,0,1e-20,K1,5000,111321654335.56674,1.0,2.434218606902667e-55,2.0787970401705904e-56
Na II,0,1e-20,F8,6000,111321654335.56674,1.0,1.8811786879827e-22,1.5163671166850544e-23
Na II,0,1e-20,A6,8000,111321654335.56674,1.0,6.985972614952318e-28,5.468854528122539e-29
Na II,0,1e-20,A0,10000,111321654335.56674,1.0,2.4485050857669963e-20,1.89965617133769e-21
Na II,0,1e-20,B5,15000,111321654335.56674,1.0,9.99516140443651e-06,7.610523840009615e-07
Na II,0,1e-20,B3,19000,111321654335.56674,1.0,0.0019699822253203074,0.00014978897571344893
Na II,0,1e-20,B0,30000,111321654335.56674,1.0,0.06297882934846376,0.004774112948148572
Na II,0,1e-20,O0,50000,111321654335.56674,1.0,4991.91158158838,533.2867097508658
Na II,1,1.0,M6,3000,9306486809809.27,1.0,7.24015788382236e-91,9.189318140150559e-92
Na II,1,1.0,K1,5000,9306486809809.27,1.0,2.0915709890939517e-55,1.6293324257765649e-56
Na II,1,1.0,F8,6000,9306486809809.27,1.0,1.5616486154909196e-22,9.940504454535172e-24
Na II,1,1.0,A6,8000,9306486809809.27,1.0,5.642225292275759e-28,2.9595927800821004e-29
Na II,1,1.0,A0,10000,9306486809809.27,1.0,1.9483045646244952e-20,9.076867639827884e-22
Na II,1,1.0,B5,15000,9306486809809.27,1.0,7.863920480145477e-06,2.922099093713693e-07
Na II,1,1.0,B3,19000,9306486809809.27,1.0,0.001543107740895259,5.476323623924911e-05
Na II,1,1.0,B0,30000,9306486809809.27,1.0,0.0489999782517438,0.001722456837999644
Na II,1,1.0,O0,50000,9306486809809.27,1.0,4136.76200206185,338.29704791202244
Na II,10,10.0,M6,3000,92195930578522.17,1.0,7.233369678912404e-91,9.187599808683902e-92
Na II,10,10.0,K1,5000,92195930578522.17,1.0,2.0882912251718407e-55,1.626169101871225e-56
Na II,10,10.0,F8,6000,92195930578522.17,1.0,1.5589078622867601e-22,9.904681084290766e-24
Na II,10,10.0,A6,8000,92195930578522.17,1.0,5.631450330518255e-28,2.9412605318245366e-29
Na II,10,10.0,A0,10000,92195930578522.17,1.0,1.9444240891248878e-20,8.99989983223151e-22
Na II,10,10.0,B5,15000,92195930578522.17,1.0,7.848308237289596e-06,2.879453427600073e-07
Na II,10,10.0,B3,19000,92195930578522.17,1.0,0.001539901295820549,5.384889896008934e-05
Na II,10,10.0,B0,30000,92195930578522.17,1.0,0.048897394070322286,0.001694147526803392
Na II,10,10.0,O0,50000,92195930578522.17,1.0,4129.013157044227,336.6973041769942
Na II,100,100.0,M6,3000,921092289138739.8,0.9999999999999999,7.243443319574792e-91,9.201002950180718e-92
Na II,100,100.0,K1,5000,921092289138739.8,0.9999999999999999,2.0889793660255626e-55,1.6268516969919066e-56
Na II,100,100.0,F8,6000,921092289138739.8,0.9999999999999999,1.5591954902043676e-22,9.905118479594557e-24
Na II,100,100.0,A6,8000,921092289138739.8,0.9999999999999999,5.631311150938787e-28,2.9397569111723444e-29
Na II,100,100.0,A0,10000,921092289138739.8,0.9999999999999999,1.9442608225736055e-20,8.993550174758366e-22
Na II,100,100.0,B5,15000,921092289138739.8,0.9999999999999999,8.8586280311857e-06,3.189818961684977e-07
Na II,100,100.0,B3,19000,921092289138739.8,0.9999999999999999,0.0016521670570726359,5.740301417796392e-05
Na II,100,100.0,B0,30000,921092289138739.8,0.9999999999999999,0.04862933012663436,0.0016833970509815511
Na II,100,100.0,O0,50000,921092289138739.8,0.9999999999999999,3517.807271365654,307.3555264450469
Na III,0,1e-20,M6,3000,561611080328.4147,0.9999999999999999,6.277273103377353e-90,5.257864081278839e-91
Na III,0,1e-20,K1,5000,561611080328.4147,0.9999999999999999,7.609885378268454e-55,6.3740643961339315e-56
Na III,0,1e-20,F8,6000,561611080328.4147,0.9999999999999999,3.9879325793426406e-22,3.34030511691549e-23
Na III,0,1e-20,A6,8000,561611080328.4147,0.9999999999999999,1.0071982811377328e-27,8.436325101529543e-29
Na III,0,1e-20,A0,10000,561611080328.4147,0.9999999999999999,2.745311202449084e-20,2.2994814659993747e-21
Na III,0,1e-20,B5,15000,561611080328.4147,0.9999999999999999,4.706041757573038e-06,3.905867520949324e-07
Na III,0,1e-20,B3,19000,561611080328.4147,0.9999999999999999,0.00095104288802841,7.876207045603241e-05
Na III,0,1e-20,B0,30000,561611080328.4147,0.9999999999999999,0.03496018032726877,0.0029177165142017947
Na III,0,1e-20,O0,50000,561611080328.4147,0.9999999999999999,507.0934569258473,33.406555819408915
Na III,1,1.0,M6,3000,20132803886846.95,1.0,4.4360680366309e-90,1.2961314428632965e-91
Na III,1,1.0,K1,5000,20132803886846.95,1.0,5.377806946476298e-55,1.5712878221530072e-56
Na III,1,1.0,F8,6000,20132803886846.95,1.0,2.818219927145617e-22,8.23427464735292e-24
Na III,1,1.0,A6,8000,20132803886846.95,1.0,7.117738738816392e-28,2.0796606931404225e-29
Na III,1,1.0,A0,10000,20132803886846.95,1.0,1.9400755506643508e-20,5.668511837710821e-22
Na III,1,1.0,B5,15000,20132803886846.95,1.0,3.332226083029567e-06,9.62845792959414e-08
Na III,1,1.0,B3,19000,20132803886846.95,1.0,0.0006737847280312763,1.941600006776019e-05
Na III,1,1.0,B0,30000,20132803886846.95,1.0,0.024730340265948943,0.000719255504923181
Na III,1,1.0,O0,50000,20132803886846.95,1.0,435.6910477615027,17.285701478636867
Na III,10,10.0,M6,3000,196258842434022.22,1.0,4.40729182775827e-90,1.179587129347274e-91
Na III,10,10.0,K1,5000,196258842434022.22,1.0,5.3426748111210236e-55,1.429884145804117e-56
Na III,10,10.0,F8,6000,196258842434022.22,1.0,2.79978000944797e-22,7.493115061008958e-24
Na III,10,10.0,A6,8000,196258842434022.22,1.0,7.071138778669625e-28,1.8924590069005712e-29
Na III,10,10.0,A0,10000,196258842434022.22,1.0,1.927366659876876e-20,5.158223575115209e-22
Na III,10,10.0,B5,15000,196258842434022.22,1.0,3.30558690485411e-06,8.737638256911884e-08
Na III,10,10.0,B3,19000,196258842434022.22,1.0,0.0006681550377941406,1.7607337133216142e-05
Na III,10,10.0,B0,30000,196258842434022.22,1.0,0.024565567437885655,0.0006543369376084694
Na III,10,10.0,O0,50000,196258842434022.22,1.0,455.4523390440369,17.32315084049117
Na III,100,100.0,M6,3000,1957549599519222.0,1.0,4.411206670983727e-90,1.1708192833569766e-91
Na III,100,100.0,K1,5000,1957549599519222.0,1.0,5.342104742882745e-55,1.4167074863802797e-56
Na III,100,100.0,F8,6000,1957549599519222.0,1.0,2.7988141676387344e-22,7.420813956459157e-24
Na III,100,100.0,A6,8000,1957549599519222.0,1.0,7.067771969179143e-28,1.87371226194906e-29
Na III,100,100.0,A0,10000,1957549599519222.0,1.0,1.9262833867402996e-20,5.106327491861546e-22
Na III,100,100.0,B5,15000,1957549599519222.0,1.0,3.2475460082981512e-06,8.447979056379579e-08
Na III,100,100.0,B3,19000,1957549599519222.0,1.0,0.0006530398932455488,1.688606100203309e-05
Na III,100,100.0,B0,30000,1957549599519222.0,1.0,0.024510745690819166,0.0006460430113303477
Na III,100,100.0,O0,50000,1957549599519222.0,1.0,772.7570683528976,23.716631457406393
Mg I,0,1e-20,M6,3000,603311100.6493273,1.0,1.2584327044061547e-07,7.520126323095637e-08
Mg I,0,1e-20,K1,5000,603311100.6493273,1.0,0.0005046754649980807,3.1040861667469995e-05
Mg I,0,1e-20,F8,6000,603311100.6493273,1.0,0.17769376975242945,0.007696906963987236
Mg I,0,1e-20,A6,8000,603311100.6493273,1.0,74.08293407737362,3.1042453126080343
Mg I,0,1e-20,A0,10000,603311100.6493273,1.0,601.3775579382942,24.705906637630488
Mg I,0,1e-20,B5,15000,603311100.6493273,1.0,4388.583486776919,178.8361172350684
Mg I,0,1e-20,B3,19000,603311100.6493273,1.0,8434.148773333956,340.3561922565592
Mg I,0,1e-20,B0,30000,603311100.6493273,1.0,28473.65531316889,1136.1463782044013
Mg I,0,1e-20,O0,50000,603311100.6493273,1.0,81945.40484282955,3231.9274118680764
Mg I,1,1.0,M6,3000,131876031769.41225,1.0,1.6680303390734267e-07,8.245710271794352e-08
Mg I,1,1.0,K1,5000,131876031769.41225,1.0,0.00033349453660520915,2.5993366078644693e-05
Mg I,1,1.0,F8,6000,131876031769.41225,1.0,0.10502569584002575,0.001248431920503157
Mg I,1,1.0,A6,8000,131876031769.41225,1.0,44.78921677987098,0.5265096258412216
Mg I,1,1.0,A0,10000,131876031769.41225,1.0,370.16562672233925,4.501902818478912
Mg I,1,1.0,B5,15000,131876031769.41225,1.0,2722.517386818533,33.84340524025492
Mg I,1,1.0,B3,19000,131876031769.41225,1.0,5286.969235272278,68.28436042347232
Mg I,1,1.0,B0,30000,131876031769.41225,1.0,18099.28581029735,249.0344999520915
Mg I,1,1.0,O0,50000,131876031769.41225,1.0,52998.6796076581,792.6925119961027
Mg I,10,10.0,M6,3000,1303973579130.1216,1.0,1.5250175435256897e-07,7.44758733653056e-08
Mg I,10,10.0,K1,5000,1303973579130.1216,1.0,0.0009330008588146964,2.9255768315981817e-05
Mg I,10,10.0,F8,6000,1303973579130.1216,1.0,0.13535454552525192,0.001834362386086889
Mg I,10,10.0,A6,8000,1303973579130.1216,1.0,45.004840620729325,0.5131437129734089
Mg I,10,10.0,A0,10000,1303973579130.1216,1.0,369.5279221989882,4.3619879724948944
Mg I,10,10.0,B5,15000,1303973579130.1216,1.0,2709.809340440249,32.75753767844614
Mg I,10,10.0,B3,19000,1303973579130.1216,1.0,5271.343083920287,66.49494266079871
Mg I,10,10.0,B0,30000,1303973579130.1216,1.0,18060.2816160373,243.82102557120155
Mg I,10,10.0,O0,50000,1303973579130.1216,1.0,52878.73030275567,779.4263888899367
Mg I,100,100.0,M6,3000,13024988330280.094,1.0,2.401783384127339e-07,6.133596449687269e-08
Mg I,100,100.0,K1,5000,13024988330280.094,1.0,0.009373058811311627,0.00017039160736285425
Mg I,100,100.0,F8,6000,13024988330280.094,1.0,0.618430759720429,0.009866018012872818
Mg I,100,100.0,A6,8000,13024988330280.094,1.0,57.68804192101371,0.742266611990777
Mg I,100,100.0,A0,10000,13024988330280.094,1.0,388.4934887198474,4.681390522600235
Mg I,100,100.0,B5,15000,13024988330280.094,1.0,2735.7254345285273,33.62005351554985
Mg I,100,100.0,B3,19000,13024988330280.094,1.0,5309.76968978545,67.87708472919844
Mg I,100,100.0,B0,30000,13024988330280.094,1.0,18172.284283749945,249.70237880641062
Mg I,100,100.0,O0,50000,13024988330280.094,1.0,52889.58704170029,779.0118336529887
Mg II,0,1e-20,M6,3000,4017595372.764735,1.0,2.605088517853458e-07,4.7239660542535056e-09
Mg II,0,1e-20,K1,5000,4017595372.764735,1.0,0.0001359678166287212,2.1782829862083683e-06
Mg II,0,1e-20,F8,6000,4017595372.764735,1.0,0.024810891006444305,0.0003984878202216605
Mg II,0,1e-20,A6,8000,4017595372.764735,1.0,4.917533918744479,0.07943555876401286
Mg II,0,1e-20,A0,10000,4017595372.764735,1.0,77.74882420957329,1.2517836713801849
Mg II,0,1e-20,B5,15000,4017595372.764735,1.0,1218.4641421615966,19.491445541271837
Mg II,0,1e-20,B3,19000,4017595372.764735,1.0,2754.1810210356794,44.03281536143424
Mg II,0,1e-20,B0,30000,4017595372.764735,1.0,9387.043370526093,149.64770264464138
Mg II,0,1e-20,O0,50000,4017595372.764735,1.0,29201.129965621836,462.11893400506915
Mg II,1,1.0,M6,3000,394335552373.89545,0.9999999999999999,4.3050914301960545e-07,4.7166977457005805e-09
Mg II,1,1.0,K1,5000,394335552373.89545,0.9999999999999999,0.00012291314224784964,9.207328695336686e-07
Mg II,1,1.0,F8,6000,394335552373.89545,0.9999999999999999,0.021325399505190357,0.00016020317517033327
Mg II,1,1.0,A6,8000,394335552373.89545,0.9999999999999999,4.229196146674209,0.032578171680253044
Mg II,1,1.0,A0,10000,394335552373.89545,0.9999999999999999,66.75884494864366,0.5073734948637807
Mg II,1,1.0,B5,15000,394335552373.89545,0.9999999999999999,1041.7023924570217,7.620629411970914
Mg II,1,1.0,B3,19000,394335552373.89545,0.9999999999999999,2349.2583437035714,16.883936524382833
Mg II,1,1.0,B0,30000,394335552373.89545,0.9999999999999999,8008.151164455036,57.08445889285297
Mg II,1,1.0,O0,50000,394335552373.89545,0.9999999999999999,24975.032897377314,177.51696966670056
Mg II,10,10.0,M6,3000,3920300974037.484,1.0,6.626580613253845e-06,7.355784848232998e-08
Mg II,10,10.0,K1,5000,3920300974037.484,1.0,0.0007038406963848631,6.928943437687299e-06
Mg II,10,10.0,F8,6000,3920300974037.484,1.0,0.025532923153811327,0.0002028026564561963
Mg II,10,10.0,A6,8000,3920300974037.484,1.0,4.254890975802543,0.032437921932156166
Mg II,10,10.0,A0,10000,3920300974037.484,1.0,67.08169728374246,0.5041853967975257
Mg II,10,10.0,B5,15000,3920300974037.484,1.0,1043.6220315585745,7.535557938169241
Mg II,10,10.0,B3,19000,3920300974037.484,1.0,2349.1267488372623,16.645592764605958
Mg II,10,10.0,B0,30000,3920300974037.484,1.0,8004.280719872513,56.24012054085769
Mg II,10,10.0,O0,50000,3920300974037.484,1.0,24947.520958913632,174.77660255346842
Mg II,100,100.0,M6,3000,39179987067499.87,0.9999999999999999,7.578012048854814e-06,5.846826959440846e-08
Mg II,100,100.0,K1,5000,39179987067499.87,0.9999999999999999,0.009055348809257622,8.715604930257586e-05
Mg II,100,100.0,F8,6000,39179987067499.87,0.9999999999999999,0.12087344220388446,0.0011192586915654233
Mg II,100,100.0,A6,8000,39179987067499.87,0.9999999999999999,6.479432989342212,0.055160978680715816
Mg II,100,100.0,A0,10000,39179987067499.87,0.9999999999999999,93.48499396720383,0.7654861552960353
Mg II,100,100.0,B5,15000,39179987067499.87,0.9999999999999999,1205.4982264264315,8.96475619522029
Mg II,100,100.0,B3,19000,39179987067499.87,0.9999999999999999,2487.6093276943034,17.866901256966077
Mg II,100,100.0,B0,30000,39179987067499.87,0.9999999999999999,8343.354173478025,59.39808199821148
Mg II,100,100.0,O0,50000,39179987067499.87,0.9999999999999999,24952.40245413886,174.5583118314796
Mg III,0,1e-20,M6,3000,227664437064.5571,1.0,5.478176137711912e-108,6.772785892867556e-109
Mg III,0,1e-20,K1,5000,227664437064.5571,1.0,2.5436974017789428e-85,2.4410800023334967e-86
Mg III,0,1e-20,F8,6000,227664437064.5571,1.0,9.751698637420464e-47,8.773682462285699e-48
Mg III,0,1e-20,A6,8000,227664437064.5571,1.0,1.256475307496092e-45,1.0652682258035985e-46
Mg III,0,1e-20,A0,10000,227664437064.5571,1.0,8.762209786517077e-34,7.298060592624169e-35
Mg III,0,1e-20,B5,15000,227664437064.5571,1.0,1.7262014839177785e-09,1.534178143994914e-10
Mg III,0,1e-20,B3,19000,227664437064.5571,1.0,6.492569696944251e-07,5.380716743047894e-08
Mg III,0,1e-20,B0,30000,227664437064.5571,1.0,1.7680797320154785e-05,1.4793661980043995e-06
Mg III,0,1e-20,O0,50000,227664437064.5571,1.0,427.43823097410706,36.60917691605311
Mg III,1,1.0,M6,3000,12689641637926.314,0.9999999999999999,3.8845799675421206e-108,1.831060295694734e-109
Mg III,1,1.0,K1,5000,12689641637926.314,0.9999999999999999,2.1386066150143336e-85,1.8387466909908764e-86
Mg III,1,1.0,F8,6000,12689641637926.314,0.9999999999999999,7.962587776205994e-47,5.851448362928955e-48
Mg III,1,1.0,A6,8000,12689641637926.314,0.9999999999999999,9.875612750659059e-46,5.662546031323744e-47
Mg III,1,1.0,A0,10000,12689641637926.314,0.9999999999999999,6.747251529555103e-34,3.308047272567581e-35
Mg III,1,1.0,B5,15000,12689641637926.314,0.9999999999999999,1.401889507595058e-09,9.978467361879422e-11
Mg III,1,1.0,B3,19000,12689641637926.314,0.9999999999999999,4.949176217858611e-07,2.2333846491763265e-08
Mg III,1,1.0,B0,30000,12689641637926.314,0.9999999999999999,1.286851943537417e-05,4.055317210045473e-07
Mg III,1,1.0,O0,50000,12689641637926.314,0.9999999999999999,303.5397794684468,9.098794794740318
Mg III,10,10.0,M6,3000,123421741413768.08,1.0,3.880587025269224e-108,1.7434206099424556e-109
Mg III,10,10.0,K1,5000,123421741413768.08,1.0,2.1425704405296998e-85,1.836774635171877e-86
Mg III,10,10.0,F8,6000,123421741413768.08,1.0,7.977885934269026e-47,5.837840696438694e-48
Mg III,10,10.0,A6,8000,123421741413768.08,1.0,9.89548852864699e-46,5.630478057375898e-47
Mg III,10,10.0,A0,10000,123421741413768.08,1.0,6.761173480928567e-34,3.2779159624101324e-35
Mg III,10,10.0,B5,15000,123421741413768.08,1.0,1.404583208228251e-09,9.952255228677558e-11
Mg III,10,10.0,B3,19000,123421741413768.08,1.0,4.959512228577084e-07,2.2075954557814577e-08
Mg III,10,10.0,B0,30000,123421741413768.08,1.0,1.2896906903102207e-05,3.92841098487948e-07
Mg III,10,10.0,O0,50000,123421741413768.08,1.0,304.22559873300577,8.743677289825754
Mg III,100,100.0,M6,3000,1230765394912659.5,1.0,3.8801536228154316e-108,1.7344193309755275e-109
Mg III,100,100.0,K1,5000,1230765394912659.5,1.0,2.1443070448377067e-85,1.8380348441074845e-86
Mg III,100,100.0,F8,6000,1230765394912659.5,1.0,7.983207280162216e-47,5.839849408069998e-48
Mg III,100,100.0,A6,8000,1230765394912659.5,1.0,9.90023957606915e-46,5.629030871951747e-47
Mg III,100,100.0,A0,10000,1230765394912659.5,1.0,6.763059041514322e-34,3.2753358174283064e-35
Mg III,100,100.0,B5,15000,1230765394912659.5,1.0,1.368830367210963e-09,8.877924775470035e-11
Mg III,100,100.0,B3,19000,1230765394912659.5,1.0,4.96943140709165e-07,2.168613986218749e-08
Mg III,100,100.0,B0,30000,1230765394912659.5,1.0,1.2880041425752147e-05,3.945969306946534e-07
Mg III,100,100.0,O0,50000,1230765394912659.5,1.0,282.51183299250295,7.562768416254153
Al I,0,1e-20,M6,3000,3305135522.9876003,1.0,9.161087419553117e-07,7.022066309179481e-08
Al I,0,1e-20,K1,5000,3305135522.9876003,1.0,0.009975862996801687,0.0005906087648662318
Al I,0,1e-20,F8,6000,3305135522.9876003,1.0,1.2288936053794155,0.06395556559692898
Al I,0,1e-20,A6,8000,3305135522.9876003,1.0,51.43876176839076,2.477150090928649
Al I,0,1e-20,A0,10000,3305135522.9876003,1.0,258.7473402991788,12.422105663713866
Al I,0,1e-20,B5,15000,3305135522.9876003,1.0,1332.3012097906574,69.32568725141329
Al I,0,1e-20,B3,19000,3305135522.9876003,1.0,2580.4068942414747,147.614431491605
Al I,0,1e-20,B0,30000,3305135522.9876003,1.0,9151.3599751025,599.23997885357
Al I,0,1e-20,O0,50000,3305135522.9876003,1.0,25905.513056554915,1730.4366103623925
Al I,1,1.0,M6,3000,1296914111914.8337,1.0,7.517694525729476e-07,2.3196305532768314e-08
Al I,1,1.0,K1,5000,1296914111914.8337,1.0,0.00958132640351475,0.00025128991879877895
Al I,1,1.0,F8,6000,1296914111914.8337,1.0,1.0487194643814366,0.02194618247393311
Al I,1,1.0,A6,8000,1296914111914.8337,1.0,44.74047815881853,0.9464542613080718
Al I,1,1.0,A0,10000,1296914111914.8337,1.0,233.18253108298467,5.854909475117349
Al I,1,1.0,B5,15000,1296914111914.8337,1.0,1260.7089561678863,40.42786412131899
Al I,1,1.0,B3,19000,1296914111914.8337,1.0,2483.522874478789,88.86987585647755
Al I,1,1.0,B0,30000,1296914111914.8337,1.0,8978.205341873845,363.00573511560856
Al I,1,1.0,O0,50000,1296914111914.8337,1.0,25553.130838421785,1057.4934696732969
Al I,10,10.0,M6,3000,12950196825718.375,1.0,7.279029308880987e-06,3.2680781563419206e-07
Al I,10,10.0,K1,5000,12950196825718.375,1.0,0.05102922852456652,0.0017487307764877482
Al I,10,10.0,F8,6000,12950196825718.375,1.0,1.3129605392403116,0.030245022139906548
Al I,10,10.0,A6,8000,12950196825718.375,1.0,44.720581595601296,0.9426224984210784
Al I,10,10.0,A0,10000,12950196825718.375,1.0,233.1200880650696,5.840603606892271
Al I,10,10.0,B5,15000,12950196825718.375,1.0,1261.0912670049677,40.41886808705514
Al I,10,10.0,B3,19000,12950196825718.375,1.0,2483.1596238291704,88.75400245894288
Al I,10,10.0,B0,30000,12950196825718.375,1.0,8975.835962524727,362.4410131121072
Al I,10,10.0,O0,50000,12950196825718.375,1.0,25550.26437619143,1056.0859625366056
Al I,100,100.0,M6,3000,129483030499148.11,1.0,0.00011342760539849369,4.859708905857085e-06
Al I,100,100.0,K1,5000,129483030499148.11,1.0,0.2120471872177329,0.006959557785897122
Al I,100,100.0,F8,6000,129483030499148.11,1.0,3.0107632825400885,0.06976978440572221
Al I,100,100.0,A6,8000,129483030499148.11,1.0,45.62385505893083,0.9800069455547021
Al I,100,100.0,A0,10000,129483030499148.11,1.0,234.22862830303987,5.914208355873371
Al I,100,100.0,B5,15000,129483030499148.11,1.0,1275.5502807696419,41.525371558616655
Al I,100,100.0,B3,19000,129483030499148.11,1.0,2481.414279609805,88.79631207640135
Al I,100,100.0,B0,30000,129483030499148.11,1.0,8936.891796734273,359.52826211732537
Al I,100,100.0,O0,50000,129483030499148.11,1.0,25523.82822839756,1054.5146298664226
Al II,0,1e-20,M6,3000,1774485519.6085074,1.0,4.550453802885746e-12,1.1059845244516952e-13
Al II,0,1e-20,K1,5000,1774485519.6085074,1.0,2.606976536982645e-06,6.708839595076191e-08
Al II,0,1e-20,F8,6000,1774485519.6085074,1.0,0.0005439046102240838,1.4982300273626523e-05
Al II,0,1e-20,A6,8000,1774485519.6085074,1.0,0.4514780272718312,0.01306803676780734
Al II,0,1e-20,A0,10000,1774485519.6085074,1.0,75.83938475644112,2.197097643210671
Al II,0,1e-20,B5,15000,1774485519.6085074,1.0,2171.803061414035,62.9192632153661
Al II,0,1e-20,B3,19000,1774485519.6085074,1.0,7967.976134062713,230.84107305990577
Al II,0,1e-20,B0,30000,1774485519.6085074,1.0,36495.836368559154,1057.3251037851835
Al II,0,1e-20,O0,50000,1774485519.6085074,1.0,129145.85034984713,3741.485136276269
Al II,1,1.0,M6,3000,230591419836.9662,0.9999999999999999,6.117696295570598e-12,1.2234056984100113e-13
Al II,1,1.0,K1,5000,230591419836.9662,0.9999999999999999,1.7698634560485907e-06,1.3824417775028292e-08
Al II,1,1.0,F8,6000,230591419836.9662,0.9999999999999999,0.0003403469692929533,2.5815269157594604e-06
Al II,1,1.0,A6,8000,230591419836.9662,0.9999999999999999,0.2657006387566279,0.002161420061916714
Al II,1,1.0,A0,10000,230591419836.9662,0.9999999999999999,44.58184377730579,0.36337806946586215
Al II,1,1.0,B5,15000,230591419836.9662,0.9999999999999999,1276.6395717943917,10.405858136884738
Al II,1,1.0,B3,19000,230591419836.9662,0.9999999999999999,4683.74175299421,38.17721555104523
Al II,1,1.0,B0,30000,230591419836.9662,0.9999999999999999,21453.043804766025,174.8656927648756
Al II,1,1.0,O0,50000,230591419836.9662,0.9999999999999999,75914.92806387269,618.7846630424261
Al II,10,10.0,M6,3000,2262713339717.9224,1.0,1.0028641332527597e-11,2.0053894819356926e-13
Al II,10,10.0,K1,5000,2262713339717.9224,1.0,2.1560036695017834e-06,1.9805848282483814e-08
Al II,10,10.0,F8,6000,2262713339717.9224,1.0,0.00033553894620294886,2.363196117595206e-06
Al II,10,10.0,A6,8000,2262713339717.9224,1.0,0.2672675227270947,0.0020584910416240752
Al II,10,10.0,A0,10000,2262713339717.9224,1.0,44.6299341060057,0.34269281090114884
Al II,10,10.0,B5,15000,2262713339717.9224,1.0,1270.3873150760094,9.691278831141673
Al II,10,10.0,B3,19000,2262713339717.9224,1.0,4653.578377032732,35.42990395428832
Al II,10,10.0,B0,30000,2262713339717.9224,1.0,21342.32893775539,162.67522505750196
Al II,10,10.0,O0,50000,2262713339717.9224,1.0,75528.5317082065,575.8268056646717
Al II,100,100.0,M6,3000,22584124734439.637,1.0,2.7128198528958958e-11,5.424514581657384e-13
Al II,100,100.0,K1,5000,22584124734439.637,1.0,2.0687192672295894e-06,2.1230154138934597e-08
Al II,100,100.0,F8,6000,22584124734439.637,1.0,0.00035711736356266836,2.9709517451916897e-06
Al II,100,100.0,A6,8000,22584124734439.637,1.0,0.5765550311531759,0.006625117475314099
Al II,100,100.0,A0,10000,22584124734439.637,1.0,73.99600139668124,0.7443565145210921
Al II,100,100.0,B5,15000,22584124734439.637,1.0,1457.5035686970243,12.245609341719675
Al II,100,100.0,B3,19000,22584124734439.637,1.0,4491.637827987245,33.502724993196516
Al II,100,100.0,B0,30000,22584124734439.637,1.0,20415.788048084843,149.73737636597946
Al II,100,100.0,O0,50000,22584124734439.637,1.0,75595.73974100102,573.5759123379863
Al III,0,1e-20,M6,3000,9132608664.678082,1.0,1.2541771535946188e-13,2.0716325501428982e-15
Al III,0,1e-20,K1,5000,9132608664.678082,1.0,5.8648549899763316e-05,9.389973575694324e-07
Al III,0,1e-20,F8,6000,9132608664.678082,1.0,0.02151969092914565,0.0003476314395579675
Al III,0,1e-20,A6,8000,9132608664.678082,1.0,12.724537978662159,0.2042267592088344
Al III,0,1e-20,A0,10000,9132608664.678082,1.0,131.6822833827331,2.126904142698555
Al III,0,1e-20,B5,15000,9132608664.678082,1.0,752.7885897277671,12.051447531713992
Al III,0,1e-20,B3,19000,9132608664.678082,1.0,1595.060964124667,25.533215190792717
Al III,0,1e-20,B0,30000,9132608664.678082,1.0,9453.177628494474,151.24587967784112
Al III,0,1e-20,O0,50000,9132608664.678082,1.0,43581.37398855389,666.2088526034895
Al III,1,1.0,M6,3000,647556790469.8002,1.0,1.0549883889120812e-13,7.176772258471221e-16
Al III,1,1.0,K1,5000,647556790469.8002,1.0,5.0128903025067075e-05,3.6850574405357836e-07
Al III,1,1.0,F8,6000,647556790469.8002,1.0,0.01851911162962838,0.00014359544911823462
Al III,1,1.0,A6,8000,647556790469.8002,1.0,10.821528140610223,0.07693639357127481
Al III,1,1.0,A0,10000,647556790469.8002,1.0,111.59118383858653,0.7785119815954014
Al III,1,1.0,B5,15000,647556790469.8002,1.0,642.4066168985325,4.667399680911624
Al III,1,1.0,B3,19000,647556790469.8002,1.0,1363.530780676527,10.023343074078173
Al III,1,1.0,B0,30000,647556790469.8002,1.0,8091.578621972229,59.873451829332176
Al III,1,1.0,O0,50000,647556790469.8002,1.0,37605.217971715836,258.66391951401744
Al III,10,10.0,M6,3000,6423130227438.806,1.0,9.103719829147558e-14,5.664822764665743e-16
Al III,10,10.0,K1,5000,6423130227438.806,1.0,4.9557945283899916e-05,3.5964826923399787e-07
Al III,10,10.0,F8,6000,6423130227438.806,1.0,0.01868121675990063,0.00014211952321447634
Al III,10,10.0,A6,8000,6423130227438.806,1.0,10.813457709530466,0.07533678992312358
Al III,10,10.0,A0,10000,6423130227438.806,1.0,111.56942959161857,0.7619378423454857
Al III,10,10.0,B5,15000,6423130227438.806,1.0,645.4799334407572,4.607983967991139
Al III,10,10.0,B3,19000,6423130227438.806,1.0,1369.4678569647058,9.897281237391768
Al III,10,10.0,B0,30000,6423130227438.806,1.0,8108.451208365616,58.935406411186264
Al III,10,10.0,O0,50000,6423130227438.806,1.0,37549.941502570015,253.19298682201924
Al III,100,100.0,M6,3000,64178965092490.14,1.0,1.1370223765510527e-13,9.367347802604e-16
Al III,100,100.0,K1,5000,64178965092490.14,1.0,3.8014593559183824e-05,2.69267546679658e-07
Al III,100,100.0,F8,6000,64178965092490.14,1.0,0.013364565839994963,9.545838888040061e-05
Al III,100,100.0,A6,8000,64178965092490.14,1.0,10.473857127591716,0.07256457133487894
Al III,100,100.0,A0,10000,64178965092490.14,1.0,118.77341481842804,0.8326183386632934
Al III,100,100.0,B5,15000,64178965092490.14,1.0,806.836504740953,6.130170456850923
Al III,100,100.0,B3,19000,64178965092490.14,1.0,1764.9817772413192,13.702243147939974
Al III,100,100.0,B0,30000,64178965092490.14,1.0,9272.677229021041,69.50889635123171
Al III,100,100.0,O0,50000,64178965092490.14,1.0,37667.65303385738,253.80158072181743
Si I,0,1e-20,M6,3000,49857718.05390889,1.0,2.404853669384435e-09,3.808900226242872e-10
Si I,0,1e-20,K1,5000,49857718.05390889,1.0,2.764500181204548e-05,3.252061938278967e-06
Si I,0,1e-20,F8,6000,49857718.05390889,1.0,0.020227266818390575,0.0027185424888356807
Si I,0,1e-20,A6,8000,49857718.05390889,1.0,17.824131126969498,1.9719652011166253
Si I,0,1e-20,A0,10000,49857718.05390889,1.0,202.27400525183347,28.149021180462558
Si I,0,1e-20,B5,15000,49857718.05390889,1.0,1919.575907570915,291.48467247179866
Si I,0,1e-20,B3,19000,49857718.05390889,1.0,4239.069423891939,674.7738283589082
Si I,0,1e-20,B0,30000,49857718.05390889,1.0,17357.46596817128,2851.713538993344
Si I,0,1e-20,O0,50000,49857718.05390889,1.0,57957.22330906456,9923.997356280053
Si I,1,1.0,M6,3000,1265080493503.0244,1.0,1.3662898373022257e-09,5.7287122932670965e-11
Si I,1,1.0,K1,5000,1265080493503.0244,1.0,2.1083676099603065e-05,1.3171294149134499e-06
Si I,1,1.0,F8,6000,1265080493503.0244,1.0,0.012160556582811908,0.0006740790286953868
Si I,1,1.0,A6,8000,1265080493503.0244,1.0,11.449991639774908,0.41731966560901507
Si I,1,1.0,A0,10000,1265080493503.0244,1.0,139.44093197475402,9.54936090063998
Si I,1,1.0,B5,15000,1265080493503.0244,1.0,1356.8592937222554,106.96533400421957
Si I,1,1.0,B3,19000,1265080493503.0244,1.0,3040.7573069477075,257.57586110909926
Si I,1,1.0,B0,30000,1265080493503.0244,1.0,12479.527269077515,1087.3170451771339
Si I,1,1.0,O0,50000,1265080493503.0244,1.0,41755.50704072102,3757.7610356716905
Si I,10,10.0,M6,3000,12631827013686.531,0.9999999999999999,1.847937021554462e-08,1.030101343671881e-09
Si I,10,10.0,K1,5000,12631827013686.531,0.9999999999999999,0.00017449579393683125,1.1329250379878381e-05
Si I,10,10.0,F8,6000,12631827013686.531,0.9999999999999999,0.015304189679026008,0.0008225556574326411
Si I,10,10.0,A6,8000,12631827013686.531,0.9999999999999999,11.475189846409043,0.41652629557194
Si I,10,10.0,A0,10000,12631827013686.531,0.9999999999999999,139.48605082598147,9.53280017215652
Si I,10,10.0,B5,15000,12631827013686.531,0.9999999999999999,1355.7490692496835,106.79728817287933
Si I,10,10.0,B3,19000,12631827013686.531,0.9999999999999999,3041.240919379382,257.3045550522884
Si I,10,10.0,B0,30000,12631827013686.531,0.9999999999999999,12482.725379288851,1087.3163326467852
Si I,10,10.0,O0,50000,12631827013686.531,0.9999999999999999,41749.8577662977,3753.9670092335523
Si I,100,100.0,M6,3000,126299298939258.64,1.0,3.411260021133918e-08,1.1564511616077306e-09
Si I,100,100.0,K1,5000,126299298939258.64,1.0,0.0010543410499066137,4.81517681183718e-05
Si I,100,100.0,F8,6000,126299298939258.64,1.0,0.049051550605562294,0.00201781126966027
Si I,100,100.0,A6,8000,126299298939258.64,1.0,11.959379852503401,0.4280355624564027
Si I,100,100.0,A0,10000,126299298939258.64,1.0,140.83972792873294,9.640418536540306
Si I,100,100.0,B5,15000,126299298939258.64,1.0,1331.443137002661,103.76014954030738
Si I,100,100.0,B3,19000,126299298939258.64,1.0,3015.4300495298,249.17631057829988
Si I,100,100.0,B0,30000,126299298939258.64,1.0,12578.601314092743,1091.7455754201585
Si I,100,100.0,O0,50000,126299298939258.64,1.0,41866.64569020452,3780.6951625413385
Si II,0,1e-20,M6,3000,5790615781.250403,1.0,1.15375693733967e-13,5.88502077289348e-14
Si II,0,1e-20,K1,5000,5790615781.250403,1.0,7.149810963759941e-08,1.6433536500528985e-08
Si II,0,1e-20,F8,6000,5790615781.250403,1.0,1.2478401709069424e-05,2.3235248226256824e-06
Si II,0,1e-20,A6,8000,5790615781.250403,1.0,0.04011611293016768,0.007880144232037986
Si II,0,1e-20,A0,10000,5790615781.250403,1.0,12.118932679097986,2.189036203732458
Si II,0,1e-20,B5,15000,5790615781.250403,1.0,883.678260509624,81.26602325657656
Si II,0,1e-20,B3,19000,5790615781.250403,1.0,5925.037125372698,537.1724660089769
Si II,0,1e-20,B0,30000,5790615781.250403,1.0,51351.74862277359,4494.896725682305
Si II,0,1e-20,O0,50000,5790615781.250403,1.0,229002.39028135862,19242.283971553643
Si II,1,1.0,M6,3000,445485821176.8219,1.0,1.4852916620295156e-13,5.906542822367537e-14
Si II,1,1.0,K1,5000,445485821176.8219,1.0,9.061141874816913e-08,1.697511871854468e-08
Si II,1,1.0,F8,6000,445485821176.8219,1.0,1.4798970744363087e-05,2.155826320467491e-06
Si II,1,1.0,A6,8000,445485821176.8219,1.0,0.04432654529628052,0.005964254435104672
Si II,1,1.0,A0,10000,445485821176.8219,1.0,11.563256101794046,1.3843327261352152
Si II,1,1.0,B5,15000,445485821176.8219,1.0,684.424280339176,31.006496473090372
Si II,1,1.0,B3,19000,445485821176.8219,1.0,4455.760694837231,173.0876931376374
Si II,1,1.0,B0,30000,445485821176.8219,1.0,38712.533829500266,1468.0178387550948
Si II,1,1.0,O0,50000,445485821176.8219,1.0,178267.60686001217,7197.5886795024835
Si II,10,10.0,M6,3000,4340782130383.4883,1.0,1.8938775646675003e-13,7.532126840350446e-14
Si II,10,10.0,K1,5000,4340782130383.4883,1.0,9.232454843655623e-08,1.7586225465394638e-08
Si II,10,10.0,F8,6000,4340782130383.4883,1.0,1.5287852119409303e-05,2.2433532449264336e-06
Si II,10,10.0,A6,8000,4340782130383.4883,1.0,0.04441903111495057,0.005963034938985076
Si II,10,10.0,A0,10000,4340782130383.4883,1.0,11.59142563925884,1.383202243418637
Si II,10,10.0,B5,15000,4340782130383.4883,1.0,694.4175534402632,30.890489495322228
Si II,10,10.0,B3,19000,4340782130383.4883,1.0,4479.891310936059,170.02783721362258
Si II,10,10.0,B0,30000,4340782130383.4883,1.0,38667.74130062644,1428.01394418537
Si II,10,10.0,O0,50000,4340782130383.4883,1.0,178006.62707274553,7040.720070990309
Si II,100,100.0,M6,3000,43294440420476.164,1.0,1.3264221079520198e-13,5.2553813496211094e-14
Si II,100,100.0,K1,5000,43294440420476.164,1.0,1.642542466442025e-07,3.243099016383765e-08
Si II,100,100.0,F8,6000,43294440420476.164,1.0,2.4597192335280093e-05,3.7870503246979593e-06
Si II,100,100.0,A6,8000,43294440420476.164,1.0,0.05128979128076274,0.006942337443536114
Si II,100,100.0,A0,10000,43294440420476.164,1.0,15.384591432602699,1.7847231624852942
Si II,100,100.0,B5,15000,43294440420476.164,1.0,1068.1272360511591,45.45089967436014
Si II,100,100.0,B3,19000,43294440420476.164,1.0,5284.742703547584,209.89667995976703
Si II,100,100.0,B0,30000,43294440420476.164,1.0,40557.277598073466,1513.85808826516
Si II,100,100.0,O0,50000,43294440420476.164,1.0,177936.44504189648,7019.134520387758
Si III,0,1e-20,M6,3000,14387878507.225779,1.0,3.657638476149521e-21,1.1296546711963174e-22
Si III,0,1e-20,K1,5000,14387878507.225779,1.0,1.1345687981017871e-11,3.5040941058737973e-13
Si III,0,1e-20,F8,6000,14387878507.225779,1.0,8.466006662468591e-07,2.6147098603595636e-08
Si III,0,1e-20,A6,8000,14387878507.225779,1.0,0.00037442265726776546,1.1563972396634377e-05
Si III,0,1e-20,A0,10000,14387878507.225779,1.0,0.10999341885490348,0.003397125771248559
Si III,0,1e-20,B5,15000,14387878507.225779,1.0,75.26153163556575,2.3244367660323575
Si III,0,1e-20,B3,19000,14387878507.225779,1.0,530.375827093601,16.380378597975287
Si III,0,1e-20,B0,30000,14387878507.225779,1.0,10644.315731549483,328.60355025441356
Si III,0,1e-20,O0,50000,14387878507.225779,1.0,114757.02647133029,3570.980105760242
Si III,1,1.0,M6,3000,340772399732.1823,1.0,2.9936016229466583e-21,3.7372762249686056e-23
Si III,1,1.0,K1,5000,340772399732.1823,1.0,9.285889902039866e-12,1.1592649106362452e-13
Si III,1,1.0,F8,6000,340772399732.1823,1.0,6.929012083569663e-07,8.650286164011487e-09
Si III,1,1.0,A6,8000,340772399732.1823,1.0,0.0003064466100142515,3.825727250613473e-06
Si III,1,1.0,A0,10000,340772399732.1823,1.0,0.0900242284223901,0.0011238765592521188
Si III,1,1.0,B5,15000,340772399732.1823,1.0,61.59788796526129,0.7689969279251241
Si III,1,1.0,B3,19000,340772399732.1823,1.0,434.08259630817616,5.418802144699297
Si III,1,1.0,B0,30000,340772399732.1823,1.0,8713.414394546618,108.73133291880157
Si III,1,1.0,O0,50000,340772399732.1823,1.0,94361.5553000617,1276.6973733395866
Si III,10,10.0,M6,3000,3324753219596.044,1.0,3.0351981424824432e-21,3.5626677060089604e-23
Si III,10,10.0,K1,5000,3324753219596.044,1.0,9.223973623739358e-12,1.0569365479968015e-13
Si III,10,10.0,F8,6000,3324753219596.044,1.0,6.886320712067304e-07,7.897685340975738e-09
Si III,10,10.0,A6,8000,3324753219596.044,1.0,0.0003045054199011337,3.4913421336481003e-06
Si III,10,10.0,A0,10000,3324753219596.044,1.0,0.08948897086797246,0.0010266820077391471
Si III,10,10.0,B5,15000,3324753219596.044,1.0,61.139868686525894,0.6998674763350357
Si III,10,10.0,B3,19000,3324753219596.044,1.0,429.220747232374,4.896720543829129
Si III,10,10.0,B0,30000,3324753219596.044,1.0,8681.028126262538,99.91290798755008
Si III,10,10.0,O0,50000,3324753219596.044,1.0,93790.51580550561,1186.0376711644328
Si III,100,100.0,M6,3000,33165041997144.64,1.0,2.1730601200483933e-21,2.2663346147504537e-23
Si III,100,100.0,K1,5000,33165041997144.64,1.0,8.093553929002323e-12,8.507017646827435e-14
Si III,100,100.0,F8,6000,33165041997144.64,1.0,6.839299834760017e-07,7.700914380816158e-09
Si III,100,100.0,A6,8000,33165041997144.64,1.0,0.00030074481893648913,3.3894367590782973e-06
Si III,100,100.0,A0,10000,33165041997144.64,1.0,0.09367736498050033,0.0010976201729301584
Si III,100,100.0,B5,15000,33165041997144.64,1.0,65.77788995988413,0.8483485858799569
Si III,100,100.0,B3,19000,33165041997144.64,1.0,363.76672806205363,3.9681156100751798
Si III,100,100.0,B0,30000,33165041997144.64,1.0,11844.420920659804,158.98907385245863
Si III,100,100.0,O0,50000,33165041997144.64,1.0,93470.10941500384,1163.9894530737597
P I,0,1e-20,M6,3000,542145428.3729693,1.0,7.0308462137808834e-12,3.212814018453692e-12
P I,0,1e-20,K1,5000,542145428.3729693,1.0,7.1642934614094405e-06,1.8229502264839985e-06
P I,0,1e-20,F8,6000,542145428.3729693,1.0,0.001461087046653619,0.00034674642698456613
P I,0,1e-20,A6,8000,542145428.3729693,1.0,3.9719935421608885,0.9851388329273633
P I,0,1e-20,A0,10000,542145428.3729693,1.0,74.57285539573721,17.405572952653394
P I,0,1e-20,B5,15000,542145428.3729693,1.0,708.1619523362164,165.2195251807243
P I,0,1e-20,B3,19000,542145428.3729693,1.0,1657.0032599558658,379.74072587824907
P I,0,1e-20,B0,30000,542145428.3729693,1.0,6719.8278346295765,1503.6097380928452
P I,0,1e-20,O0,50000,542145428.3729693,1.0,23789.33397840116,5394.095190155287
P I,1,1.0,M6,3000,2455869223871.7515,1.0,5.7025857496102776e-11,1.0425297525614985e-11
P I,1,1.0,K1,5000,2455869223871.7515,1.0,4.788108060605716e-06,4.5224661126584487e-07
P I,1,1.0,F8,6000,2455869223871.7515,1.0,0.001004306390936085,0.00010128335173482987
P I,1,1.0,A6,8000,2455869223871.7515,1.0,2.47970955292838,0.1836663453441935
P I,1,1.0,A0,10000,2455869223871.7515,1.0,48.3906143986317,3.7976777129023565
P I,1,1.0,B5,15000,2455869223871.7515,1.0,460.96639518463746,36.25723351940863
P I,1,1.0,B3,19000,2455869223871.7515,1.0,1091.4161972890793,88.45003062531508
P I,1,1.0,B0,30000,2455869223871.7515,1.0,4547.734699810732,408.6898099766476
P I,1,1.0,O0,50000,2455869223871.7515,1.0,15864.254156330753,1350.826174651223
P I,10,10.0,M6,3000,24482450523449.133,1.0,5.6841649274115644e-11,1.0667369646967301e-11
P I,10,10.0,K1,5000,24482450523449.133,1.0,4.670606216373958e-06,4.2008428677485205e-07
P I,10,10.0,F8,6000,24482450523449.133,1.0,0.0010426842899161795,0.00010390092681832668
P I,10,10.0,A6,8000,24482450523449.133,1.0,2.4772287284691097,0.18208559575196775
P I,10,10.0,A0,10000,24482450523449.133,1.0,48.35538502639219,3.774309727581997
P I,10,10.0,B5,15000,24482450523449.133,1.0,460.7625926772934,36.067833508728405
P I,10,10.0,B3,19000,24482450523449.133,1.0,1090.5237942401614,87.99543285131539
P I,10,10.0,B0,30000,24482450523449.133,1.0,4545.403205515466,407.17536648199757
P I,10,10.0,O0,50000,24482450523449.133,1.0,15858.631070735197,1345.1601153227734
P I,100,100.0,M6,3000,244748319447518.38,1.0,5.387274539720743e-11,9.792485411045098e-12
P I,100,100.0,K1,5000,244748319447518.38,1.0,5.950836510367328e-06,4.81570499838782e-07
P I,100,100.0,F8,6000,244748319447518.38,1.0,0.0015762855025986925,0.00013718353995014002
P I,100,100.0,A6,8000,244748319447518.38,1.0,2.506560294702878,0.1877375037180154
P I,100,100.0,A0,10000,244748319447518.38,1.0,47.68385935714336,3.754606466952708
P I,100,100.0,B5,15000,244748319447518.38,1.0,448.4549404519027,36.1256139981349
P I,100,100.0,B3,19000,244748319447518.38,1.0,1063.1701837235964,87.7483033574721
P I,100,100.0,B0,30000,244748319447518.38,1.0,4502.912259907863,399.74786987425824
P I,100,100.0,O0,50000,244748319447518.38,1.0,15840.713523407101,1339.8597048619117
P II,0,1e-20,M6,3000,8917681957.1974,0.9999999999999999,9.062958119964556e-19,4.668958292399375e-19
P II,0,1e-20,K1,5000,8917681957.1974,0.9999999999999999,3.8005296895982825e-11,1.7684068008285622e-11
P II,0,1e-20,F8,6000,8917681957.1974,0.9999999999999999,6.144685491472453e-08,2.447262171168239e-08
P II,0,1e-20,A6,8000,8917681957.1974,0.9999999999999999,0.0009368886588573622,0.0003928433277455143
P II,0,1e-20,A0,10000,8917681957.1974,0.9999999999999999,1.4995458868952514,0.38598366964459685
P II,0,1e-20,B5,15000,8917681957.1974,0.9999999999999999,45.54634121067478,11.722932753093142
P II,0,1e-20,B3,19000,8917681957.1974,0.9999999999999999,142.81301604196267,37.14794461143204
P II,0,1e-20,B0,30000,8917681957.1974,0.9999999999999999,831.2563220109953,221.14598490107835
P II,0,1e-20,O0,50000,8917681957.1974,0.9999999999999999,2770.9036409188366,725.9084319751022
P II,1,1.0,M6,3000,13467112273129.105,1.0,1.2157850420480573e-18,5.093302126846013e-19
P II,1,1.0,K1,5000,13467112273129.105,1.0,4.871876648222492e-11,1.927486927013264e-11
P II,1,1.0,F8,6000,13467112273129.105,1.0,7.3491972520142e-08,2.6349989141369406e-08
P II,1,1.0,A6,8000,13467112273129.105,1.0,0.00114544906315563,0.00042489626901614006
P II,1,1.0,A0,10000,13467112273129.105,1.0,1.3919569463171608,0.28493119420256013
P II,1,1.0,B5,15000,13467112273129.105,1.0,37.30453668124107,4.680424871772047
P II,1,1.0,B3,19000,13467112273129.105,1.0,115.17156708675164,13.48410664182887
P II,1,1.0,B0,30000,13467112273129.105,1.0,652.3590868427325,68.11237677036071
P II,1,1.0,O0,50000,13467112273129.105,1.0,2214.018698717008,248.92925378686402
P II,10,10.0,M6,3000,134600310884925.11,1.0,1.2012630029940415e-18,5.024780522107692e-19
P II,10,10.0,K1,5000,134600310884925.11,1.0,6.359869123483167e-11,2.59725189908788e-11
P II,10,10.0,F8,6000,134600310884925.11,1.0,1.048097060319491e-07,4.044417782171575e-08
P II,10,10.0,A6,8000,134600310884925.11,1.0,0.0011453029170528696,0.000424806502205528
P II,10,10.0,A0,10000,134600310884925.11,1.0,1.3899523920056978,0.2847407909758941
P II,10,10.0,B5,15000,134600310884925.11,1.0,37.115553551418486,4.673438518577553
P II,10,10.0,B3,19000,134600310884925.11,1.0,114.44486910784889,13.390171390155624
P II,10,10.0,B0,30000,134600310884925.11,1.0,652.575971486794,68.09810500103461
P II,10,10.0,O0,50000,134600310884925.11,1.0,2212.682139606117,248.68070383574215
P II,100,100.0,M6,3000,1345932305793827.0,1.0,1.2378985560087088e-18,5.182303980702967e-19
P II,100,100.0,K1,5000,1345932305793827.0,1.0,4.022481803777092e-10,1.7158743348564754e-10
P II,100,100.0,F8,6000,1345932305793827.0,1.0,4.5205808029907977e-07,1.8946413555060137e-07
P II,100,100.0,A6,8000,1345932305793827.0,1.0,0.001369317854164188,0.0005263696704122785
P II,100,100.0,A0,10000,1345932305793827.0,1.0,1.3971771449627546,0.290194685346004
P II,100,100.0,B5,15000,1345932305793827.0,1.0,31.78604241946798,4.340137265809575
P II,100,100.0,B3,19000,1345932305793827.0,1.0,97.87199908819927,11.776636875495132
P II,100,100.0,B0,30000,1345932305793827.0,1.0,608.2673966348325,61.70786560283819
P II,100,100.0,O0,50000,1345932305793827.0,1.0,2202.8702858701863,250.90400748193116
P III,0,1e-20,M6,3000,17632434163.444798,1.0,4.30586043401829e-21,2.2204310849791396e-21
P III,0,1e-20,K1,5000,17632434163.444798,1.0,5.046278089605967e-12,2.6022470782114165e-12
P III,0,1e-20,F8,6000,17632434163.444798,1.0,1.779498719259669e-08,9.176456906749689e-09
P III,0,1e-20,A6,8000,17632434163.444798,1.0,0.0001250626618855397,6.449187712332355e-05
P III,0,1e-20,A0,10000,17632434163.444798,1.0,0.04685800951020141,0.024163574851310977
P III,0,1e-20,B5,15000,17632434163.444798,1.0,2.520100730878219,1.2995567519820073
P III,0,1e-20,B3,19000,17632434163.444798,1.0,11.888714364053914,6.13073074218252
P III,0,1e-20,B0,30000,17632434163.444798,1.0,302.98744570689905,156.2435088445717
P III,0,1e-20,O0,50000,17632434163.444798,1.0,1694.2817239523004,873.7012878666268
P III,1,1.0,M6,3000,17039307777560.547,1.0,3.49976465280047e-21,6.635027263110571e-22
P III,1,1.0,K1,5000,17039307777560.547,1.0,4.101623139884337e-12,7.776495163338987e-13
P III,1,1.0,F8,6000,17039307777560.547,1.0,1.4463794889432897e-08,2.7422712220307453e-09
P III,1,1.0,A6,8000,17039307777560.547,1.0,0.00010165113749514235,1.927260384778237e-05
P III,1,1.0,A0,10000,17039307777560.547,1.0,0.0380862672811933,0.007220986989803934
P III,1,1.0,B5,15000,17039307777560.547,1.0,2.0483420233815623,0.38835654311575524
P III,1,1.0,B3,19000,17039307777560.547,1.0,9.663166609766925,1.832093438148253
P III,1,1.0,B0,30000,17039307777560.547,1.0,246.26869473673892,46.691449901369054
P III,1,1.0,O0,50000,17039307777560.547,1.0,1377.114974848425,261.09487819918184
P III,10,10.0,M6,3000,170292035650621.97,1.0,2.782283403893469e-21,4.1228332852046393e-22
P III,10,10.0,K1,5000,170292035650621.97,1.0,4.101067126883743e-12,7.75883370205146e-13
P III,10,10.0,F8,6000,170292035650621.97,1.0,1.4442177837551889e-08,2.726954132583956e-09
P III,10,10.0,A6,8000,170292035650621.97,1.0,0.00010182358526877487,1.931133212357694e-05
P III,10,10.0,A0,10000,170292035650621.97,1.0,0.03840136029559967,0.0073504774300101865
P III,10,10.0,B5,15000,170292035650621.97,1.0,2.051289653748225,0.3888879212180265
P III,10,10.0,B3,19000,170292035650621.97,1.0,9.667287324957808,1.8301034709403625
P III,10,10.0,B0,30000,170292035650621.97,1.0,246.71214879369924,46.80206156303591
P III,10,10.0,O0,50000,170292035650621.97,1.0,1376.8681283505268,260.4553903238168
P III,100,100.0,M6,3000,1702819328528104.0,1.0,2.140763077002945e-21,4.52055160113052e-22
P III,100,100.0,K1,5000,1702819328528104.0,1.0,3.2387492224337247e-12,5.822163559881436e-13
P III,100,100.0,F8,6000,1702819328528104.0,1.0,1.1723926031177548e-08,2.0541250191851956e-09
P III,100,100.0,A6,8000,1702819328528104.0,1.0,0.0001190130132861452,2.4379279524343896e-05
P III,100,100.0,A0,10000,1702819328528104.0,1.0,0.09928895780094975,0.028392703122428264
P III,100,100.0,B5,15000,1702819328528104.0,1.0,3.095822695953595,0.7614345796970483
P III,100,100.0,B3,19000,1702819328528104.0,1.0,12.932099581700779,3.0269952380372103
P III,100,100.0,B0,30000,1702819328528104.0,1.0,292.5697711517923,59.99221152867539
P III,100,100.0,O0,50000,1702819328528104.0,1.0,1361.7034714335239,255.03203139698226
S I,0,1e-20,M6,3000,536281711.20239013,1.0,4.5143856987437636e-11,2.2431090720454428e-11
S I,0,1e-20,K1,5000,536281711.20239013,1.0,9.968124496413135e-07,2.896928556740086e-07
S I,0,1e-20,F8,6000,536281711.20239013,1.0,8.8561288472856e-05,2.5579629701599177e-05
S I,0,1e-20,A6,8000,536281711.20239013,1.0,0.5057267196563316,0.14380194288407544
S I,0,1e-20,A0,10000,536281711.20239013,1.0,56.96608389873007,7.399712385137349
S I,0,1e-20,B5,15000,536281711.20239013,1.0,900.8345535210063,109.79996414057145
S I,0,1e-20,B3,19000,536281711.20239013,1.0,2516.6826045758608,300.2713069495729
S I,0,1e-20,B0,30000,536281711.20239013,1.0,13412.807152594129,1616.9216090347763
S I,0,1e-20,O0,50000,536281711.20239013,1.0,45736.68434073327,5497.7540999039
S I,1,1.0,M6,3000,2720918095390.897,1.0,8.415667261081846e-10,2.1038285058641504e-10
S I,1,1.0,K1,5000,2720918095390.897,1.0,7.00836256698289e-07,7.641721806436623e-08
S I,1,1.0,F8,6000,2720918095390.897,1.0,6.105398655782733e-05,6.7400350304702186e-06
S I,1,1.0,A6,8000,2720918095390.897,1.0,0.3462887311548427,0.03754231987969128
S I,1,1.0,A0,10000,2720918095390.897,1.0,40.035016107932385,1.9396457694969527
S I,1,1.0,B5,15000,2720918095390.897,1.0,641.0770375310663,28.593623547139742
S I,1,1.0,B3,19000,2720918095390.897,1.0,1814.5094008153064,82.43283334383453
S I,1,1.0,B0,30000,2720918095390.897,1.0,9670.545409816757,439.0468713419787
S I,1,1.0,O0,50000,2720918095390.897,1.0,33077.710222207555,1500.3280104730095
S I,10,10.0,M6,3000,27090860580045.645,1.0,8.298014047803193e-10,2.074340157393298e-10
S I,10,10.0,K1,5000,27090860580045.645,1.0,7.686929890803952e-07,8.489088414871907e-08
S I,10,10.0,F8,6000,27090860580045.645,1.0,6.718824785351101e-05,7.494951953853739e-06
S I,10,10.0,A6,8000,27090860580045.645,1.0,0.3471395108027018,0.03729688572276164
S I,10,10.0,A0,10000,27090860580045.645,1.0,40.044782193102684,1.9249392493148247
S I,10,10.0,B5,15000,27090860580045.645,1.0,641.3758071203135,28.472653709258996
S I,10,10.0,B3,19000,27090860580045.645,1.0,1812.0124764458503,81.89637578484967
S I,10,10.0,B0,30000,27090860580045.645,1.0,9662.356276797122,436.59284671297365
S I,10,10.0,O0,50000,27090860580045.645,1.0,33088.49690697746,1494.6147094312562
S I,100,100.0,M6,3000,270790407052401.78,1.0,8.276313225200385e-10,2.0688239611584944e-10
S I,100,100.0,K1,5000,270790407052401.78,1.0,1.912815734576313e-06,2.3094908360920494e-07
S I,100,100.0,F8,6000,270790407052401.78,1.0,0.00022624393199221872,2.8817060309055945e-05
S I,100,100.0,A6,8000,270790407052401.78,1.0,0.489461526682913,0.057364974876376415
S I,100,100.0,A0,10000,270790407052401.78,1.0,41.2436760936375,1.9757520036301723
S I,100,100.0,B5,15000,270790407052401.78,1.0,642.457493585046,28.57764573363606
S I,100,100.0,B3,19000,270790407052401.78,1.0,1773.7172542623355,79.77378029861163
S I,100,100.0,B0,30000,270790407052401.78,1.0,9305.110255647183,419.25055171681004
S I,100,100.0,O0,50000,270790407052401.78,1.0,33287.20781618828,1500.4523973873227
S II,0,1e-20,M6,3000,928048341.6858974,1.0,3.007980000015361e-12,1.4253429355394157e-12
S II,0,1e-20,K1,5000,928048341.6858974,1.0,1.2136754587563492e-09,5.643212829932882e-10
S II,0,1e-20,F8,6000,928048341.6858974,1.0,3.223574760873672e-08,6.812129269123056e-09
S II,0,1e-20,A6,8000,928048341.6858974,1.0,0.00010500009849498579,4.677354409152168e-05
S II,0,1e-20,A0,10000,928048341.6858974,1.0,0.3775514442484516,0.172531892844411
S II,0,1e-20,B5,15000,928048341.6858974,1.0,64.0002778849524,21.110641816568005
S II,0,1e-20,B3,19000,928048341.6858974,1.0,223.89089528114383,64.78600738329385
S II,0,1e-20,B0,30000,928048341.6858974,1.0,3957.9343732274156,660.552399765786
S II,0,1e-20,O0,50000,928048341.6858974,1.0,193105.90399427543,35971.26156859411
S II,1,1.0,M6,3000,744679863127.0695,1.0,1.2379787059726389e-11,2.690778811997119e-12
S II,1,1.0,K1,5000,744679863127.0695,1.0,4.65256512265365e-09,1.0247315337607767e-09
S II,1,1.0,F8,6000,744679863127.0695,1.0,5.293846787176552e-08,7.321034550684808e-09
S II,1,1.0,A6,8000,744679863127.0695,1.0,0.00010643727151765559,2.8697656008721845e-05
S II,1,1.0,A0,10000,744679863127.0695,1.0,0.38218621344681397,0.10586671288531957
S II,1,1.0,B5,15000,744679863127.0695,1.0,62.51129020130814,12.65179667773048
S II,1,1.0,B3,19000,744679863127.0695,1.0,213.29145153164282,37.953217783907114
S II,1,1.0,B0,30000,744679863127.0695,1.0,2942.710611837514,258.9959738761437
S II,1,1.0,O0,50000,744679863127.0695,1.0,126560.75328823562,8569.780655027014
S II,10,10.0,M6,3000,7031241051660.279,1.0,1.3102331799247302e-11,2.7900824641941083e-12
S II,10,10.0,K1,5000,7031241051660.279,1.0,4.441297450000859e-09,9.722623541442212e-10
S II,10,10.0,F8,6000,7031241051660.279,1.0,5.2854878221055244e-08,7.296737662178557e-09
S II,10,10.0,A6,8000,7031241051660.279,1.0,0.0001065799389110244,2.874155684602912e-05
S II,10,10.0,A0,10000,7031241051660.279,1.0,0.3825573990556342,0.10600831303631643
S II,10,10.0,B5,15000,7031241051660.279,1.0,62.68100030180493,12.669115408894278
S II,10,10.0,B3,19000,7031241051660.279,1.0,213.7001130309402,37.979020018733266
S II,10,10.0,B0,30000,7031241051660.279,1.0,2931.039795467234,252.2331668659996
S II,10,10.0,O0,50000,7031241051660.279,1.0,125712.39817849905,7749.205972364352
S II,100,100.0,M6,3000,69902425555493.43,1.0,1.2475862142341895e-11,2.590860836560369e-12
S II,100,100.0,K1,5000,69902425555493.43,1.0,3.759175846497485e-09,7.901155344513034e-10
S II,100,100.0,F8,6000,69902425555493.43,1.0,4.874529021393053e-08,6.386314474268036e-09
S II,100,100.0,A6,8000,69902425555493.43,1.0,0.00011183580907090007,2.9568096743902805e-05
S II,100,100.0,A0,10000,69902425555493.43,1.0,0.386149076811944,0.10544024855416757
S II,100,100.0,B5,15000,69902425555493.43,1.0,61.51023669958047,12.430397041908055
S II,100,100.0,B3,19000,69902425555493.43,1.0,207.22652513582665,37.05700609929444
S II,100,100.0,B0,30000,69902425555493.43,1.0,2930.7537891278384,254.22186143583514
S II,100,100.0,O0,50000,69902425555493.43,1.0,124495.55176358209,7550.1690606127895
S III,0,1e-20,M6,3000,161105887.899235,1.0,5.906900609285496e-25,9.591103960711762e-26
S III,0,1e-20,K1,5000,161105887.899235,1.0,6.760861227522398e-14,1.0956424847042806e-14
S III,0,1e-20,F8,6000,161105887.899235,1.0,1.33855113486241e-09,2.170028638513327e-10
S III,0,1e-20,A6,8000,161105887.899235,1.0,1.2464542935331214e-06,1.9759560582119255e-07
S III,0,1e-20,A0,10000,161105887.899235,1.0,0.0022372768695719954,0.0003375897211595571
S III,0,1e-20,B5,15000,161105887.899235,1.0,32.679770317078784,3.7021138875701913
S III,0,1e-20,B3,19000,161105887.899235,1.0,279.3546775412833,30.763415507309052
S III,0,1e-20,B0,30000,161105887.899235,1.0,3135.799974522918,234.79695009061706
S III,0,1e-20,O0,50000,161105887.899235,1.0,198012.0406433236,13796.548884310927
S III,1,1.0,M6,3000,717595962123.7085,1.0,4.1020166701151087e-13,1.6408066680403156e-13
S III,1,1.0,K1,5000,717595962123.7085,1.0,1.0766897581385822e-11,4.2798639861918985e-12
S III,1,1.0,F8,6000,717595962123.7085,1.0,1.3608032019863509e-09,1.3044915681345058e-10
S III,1,1.0,A6,8000,717595962123.7085,1.0,1.2396021792246305e-06,1.1829690914372883e-07
S III,1,1.0,A0,10000,717595962123.7085,1.0,0.002223386778734673,0.00020208224619262108
S III,1,1.0,B5,15000,717595962123.7085,1.0,32.13318545744518,2.1872800736015505
S III,1,1.0,B3,19000,717595962123.7085,1.0,266.913049169931,18.01716671183709
S III,1,1.0,B0,30000,717595962123.7085,1.0,2569.8201642626395,124.33814575105347
S III,1,1.0,O0,50000,717595962123.7085,1.0,127421.43295148763,3082.9805480777877
S III,10,10.0,M6,3000,6912129205525.501,1.0,4.0742724027674306e-13,1.6297089611014005e-13
S III,10,10.0,K1,5000,6912129205525.501,1.0,1.075568927171535e-11,4.275375513406722e-12
S III,10,10.0,F8,6000,6912129205525.501,1.0,1.3636456229830882e-09,1.3078019212300865e-10
S III,10,10.0,A6,8000,6912129205525.501,1.0,1.2413065332285917e-06,1.185081924694229e-07
S III,10,10.0,A0,10000,6912129205525.501,1.0,0.0022265618327100127,0.00020245514575077783
S III,10,10.0,B5,15000,6912129205525.501,1.0,32.2331312523342,2.1944142974519147
S III,10,10.0,B3,19000,6912129205525.501,1.0,267.22589614602043,18.043369517313906
S III,10,10.0,B0,30000,6912129205525.501,1.0,2570.0402871935053,124.31893272691244
S III,10,10.0,O0,50000,6912129205525.501,1.0,127232.66755473257,2960.5730827904413
S III,100,100.0,M6,3000,68859778357092.31,1.0,4.085438574743575e-13,1.634175429892297e-13
S III,100,100.0,K1,5000,68859778357092.31,1.0,1.067415319196696e-11,4.24465014703392e-12
S III,100,100.0,F8,6000,68859778357092.31,1.0,1.292173674628363e-09,1.2385636185884533e-10
S III,100,100.0,A6,8000,68859778357092.31,1.0,1.3128472477333604e-06,1.255604962607881e-07
S III,100,100.0,A0,10000,68859778357092.31,1.0,0.002371592395581898,0.0002165475734507995
S III,100,100.0,B5,15000,68859778357092.31,1.0,34.283161136096055,2.287441882750714
S III,100,100.0,B3,19000,68859778357092.31,1.0,260.58917587355893,17.5580644520353
S III,100,100.0,B0,30000,68859778357092.31,1.0,2577.782154701186,120.3128037397484
S III,100,100.0,O0,50000,68859778357092.31,1.0,126573.77892988984,2943.2715911976943
Cl I,0,1e-20,M6,3000,21689566368.695705,1.0,5.934851169378574e-21,1.1995894340067617e-21
Cl I,0,1e-20,K1,5000,21689566368.695705,1.0,1.0455719997737061e-11,1.9625614842098557e-12
Cl I,0,1e-20,F8,6000,21689566368.695705,1.0,6.28775901033498e-08,1.1186249479122248e-08
Cl I,0,1e-20,A6,8000,21689566368.695705,1.0,0.00155057895520977,0.00030756038180297017
Cl I,0,1e-20,A0,10000,21689566368.695705,1.0,5.510380853675866,1.144784422660785
Cl I,0,1e-20,B5,15000,21689566368.695705,1.0,186.35021212529782,30.28076955151082
Cl I,0,1e-20,B3,19000,21689566368.695705,1.0,652.5246861615534,105.32654688583845
Cl I,0,1e-20,B0,30000,21689566368.695705,1.0,3628.5627480036915,567.2691129930528
Cl I,0,1e-20,O0,50000,21689566368.695705,1.0,13304.852426487552,2031.0908312851502
Cl I,1,1.0,M6,3000,4369824884321.9536,1.0,5.471953640080465e-21,1.00945359694436e-21
Cl I,1,1.0,K1,5000,4369824884321.9536,1.0,8.511059222219993e-12,9.039291857087716e-13
Cl I,1,1.0,F8,6000,4369824884321.9536,1.0,4.9356646796744975e-08,3.6254957704251707e-09
Cl I,1,1.0,A6,8000,4369824884321.9536,1.0,0.0011493060659208923,7.905886547861305e-05
Cl I,1,1.0,A0,10000,4369824884321.9536,1.0,4.017418653685254,0.29737964650987436
Cl I,1,1.0,B5,15000,4369824884321.9536,1.0,151.3520640220491,10.624152964392723
Cl I,1,1.0,B3,19000,4369824884321.9536,1.0,536.7027098756873,39.39028768909414
Cl I,1,1.0,B0,30000,4369824884321.9536,1.0,3001.794745899469,211.33649332404306
Cl I,1,1.0,O0,50000,4369824884321.9536,1.0,11285.684594297305,839.0174646554062
Cl I,10,10.0,M6,3000,43499670755931.18,1.0,8.826350953439959e-21,1.1182995675084675e-21
Cl I,10,10.0,K1,5000,43499670755931.18,1.0,1.1132101800503727e-11,1.0633668578240416e-12
Cl I,10,10.0,F8,6000,43499670755931.18,1.0,5.2429991549446484e-08,3.855240176589537e-09
Cl I,10,10.0,A6,8000,43499670755931.18,1.0,0.0011546696715405557,7.8641923111642e-05
Cl I,10,10.0,A0,10000,43499670755931.18,1.0,4.035220564963449,0.29569965702529466
Cl I,10,10.0,B5,15000,43499670755931.18,1.0,150.50033873211342,10.448317074474623
Cl I,10,10.0,B3,19000,43499670755931.18,1.0,533.3243825858979,38.78807131030597
Cl I,10,10.0,B0,30000,43499670755931.18,1.0,2998.3967206928955,209.85735569048236
Cl I,10,10.0,O0,50000,43499670755931.18,1.0,11278.780880741086,834.6811891126696
Cl I,100,100.0,M6,3000,434798342799902.0,1.0,1.3186351230978553e-20,1.3271444390347538e-21
Cl I,100,100.0,K1,5000,434798342799902.0,1.0,1.9034815891021222e-11,1.5206174353223616e-12
Cl I,100,100.0,F8,6000,434798342799902.0,1.0,6.727056202256706e-08,4.932781567822174e-09
Cl I,100,100.0,A6,8000,434798342799902.0,1.0,0.0013595372747934264,9.725933720800182e-05
Cl I,100,100.0,A0,10000,434798342799902.0,1.0,4.934829372837756,0.3779204553601473
Cl I,100,100.0,B5,15000,434798342799902.0,1.0,146.79525543701257,9.975746575324251
Cl I,100,100.0,B3,19000,434798342799902.0,1.0,503.1170896891001,35.70826519587414
Cl I,100,100.0,B0,30000,434798342799902.0,1.0,2924.753331010083,200.12438701640156
Cl I,100,100.0,O0,50000,434798342799902.0,1.0,11087.632627436116,817.4870465496444
Cl II,0,1e-20,M6,3000,853294611.9169236,1.0,3.2542831305116074e-10,1.5064432462497628e-10
Cl II,0,1e-20,K1,5000,853294611.9169236,1.0,1.0315301640678276e-08,4.775065453650898e-09
Cl II,0,1e-20,F8,6000,853294611.9169236,1.0,2.8230599494286977e-08,1.3066655631783075e-08
Cl II,0,1e-20,A6,8000,853294611.9169236,1.0,1.2796945353809743e-07,4.156830040020768e-08
Cl II,0,1e-20,A0,10000,853294611.9169236,1.0,0.00017965768623859194,5.989954582052068e-05
Cl II,0,1e-20,B5,15000,853294611.9169236,1.0,15.398439336523419,5.615367600920469
Cl II,0,1e-20,B3,19000,853294611.9169236,1.0,75.8458243709104,26.564700800076693
Cl II,0,1e-20,B0,30000,853294611.9169236,1.0,448.75787198783416,144.04948601851734
Cl II,0,1e-20,O0,50000,853294611.9169236,1.0,1741.0065037365891,555.6380476070883
Cl II,1,1.0,M6,3000,43199037041231.2,1.0,1.101083895636686e-09,2.7382237767301225e-10
Cl II,1,1.0,K1,5000,43199037041231.2,1.0,3.5880809697371236e-08,8.922438578564201e-09
Cl II,1,1.0,F8,6000,43199037041231.2,1.0,9.824565763430714e-08,2.442145279838826e-08
Cl II,1,1.0,A6,8000,43199037041231.2,1.0,3.1926031980486723e-07,7.2912768814986e-08
Cl II,1,1.0,A0,10000,43199037041231.2,1.0,0.00010516505632385694,9.134369793535444e-06
Cl II,1,1.0,B5,15000,43199037041231.2,1.0,8.55491250370686,0.7312755984579796
Cl II,1,1.0,B3,19000,43199037041231.2,1.0,43.043606765063686,3.671073136829967
Cl II,1,1.0,B0,30000,43199037041231.2,1.0,267.32964610494764,24.290429182693522
Cl II,1,1.0,O0,50000,43199037041231.2,1.0,1040.747420634375,95.26643458685454
Cl II,10,10.0,M6,3000,431676480642682.94,1.0,9.476428956537812e-10,2.356637058240278e-10
Cl II,10,10.0,K1,5000,431676480642682.94,1.0,3.5428461228629746e-08,8.809861771359513e-09
Cl II,10,10.0,F8,6000,431676480642682.94,1.0,9.834705001646174e-08,2.4445946135154326e-08
Cl II,10,10.0,A6,8000,431676480642682.94,1.0,3.1921140133721473e-07,7.290526039256326e-08
Cl II,10,10.0,A0,10000,431676480642682.94,1.0,0.0001051062228948758,9.110034372294237e-06
Cl II,10,10.0,B5,15000,431676480642682.94,1.0,8.522779110716112,0.7244044954042771
Cl II,10,10.0,B3,19000,431676480642682.94,1.0,42.85591214428025,3.635084805587258
Cl II,10,10.0,B0,30000,431676480642682.94,1.0,266.4595237405703,24.144626909753807
Cl II,10,10.0,O0,50000,431676480642682.94,1.0,1041.1826646001139,95.17859061928243
Cl II,100,100.0,M6,3000,4316450970509704.5,1.0,9.284447584542305e-10,2.308897775758422e-10
Cl II,100,100.0,K1,5000,4316450970509704.5,1.0,3.5211340553342305e-08,8.755747218273255e-09
Cl II,100,100.0,F8,6000,4316450970509704.5,1.0,9.831360891993683e-08,2.4435375366651344e-08
Cl II,100,100.0,A6,8000,4316450970509704.5,1.0,3.181177168380082e-07,7.277052660614964e-08
Cl II,100,100.0,A0,10000,4316450970509704.5,1.0,0.00010328536598308547,8.86859468870946e-06
Cl II,100,100.0,B5,15000,4316450970509704.5,1.0,8.182244595001585,0.6961811334968467
Cl II,100,100.0,B3,19000,4316450970509704.5,1.0,41.28062651387036,3.513233361138043
Cl II,100,100.0,B0,30000,4316450970509704.5,1.0,261.25748933240925,23.483411230039763
Cl II,100,100.0,O0,50000,4316450970509704.5,1.0,1049.4631385630457,95.84504497280416
Cl III,0,1e-20,M6,3000,1375085604.8545303,1.0,2.7457360112003333e-12,8.192986712984994e-13
Cl III,0,1e-20,K1,5000,1375085604.8545303,1.0,4.679985207224508e-09,1.532024838764535e-09
Cl III,0,1e-20,F8,6000,1375085604.8545303,1.0,2.7052473161448783e-08,8.420809313937343e-09
Cl III,0,1e-20,A6,8000,1375085604.8545303,1.0,8.351626866892835e-07,3.7250572252230104e-07
Cl III,0,1e-20,A0,10000,1375085604.8545303,1.0,0.004066113405599267,0.0021136741788226124
Cl III,0,1e-20,B5,15000,1375085604.8545303,1.0,382.84208611910566,194.45098893234413
Cl III,0,1e-20,B3,19000,1375085604.8545303,1.0,2898.8695380179634,1413.452131061998
Cl III,0,1e-20,B0,30000,1375085604.8545303,1.0,19417.4850668221,9557.18271069216
Cl III,0,1e-20,O0,50000,1375085604.8545303,1.0,96349.84436384786,49209.30560389109
Cl III,1,1.0,M6,3000,1161960566349.7817,1.0,8.073756125797475e-12,1.2143246933557207e-12
Cl III,1,1.0,K1,5000,1161960566349.7817,1.0,6.517551267702017e-09,1.3665779401724775e-09
Cl III,1,1.0,F8,6000,1161960566349.7817,1.0,3.713124185117131e-08,7.509397691043942e-09
Cl III,1,1.0,A6,8000,1161960566349.7817,1.0,6.10169949388145e-07,7.641574178434211e-08
Cl III,1,1.0,A0,10000,1161960566349.7817,1.0,0.002485124344084933,0.0003947019648342753
Cl III,1,1.0,B5,15000,1161960566349.7817,1.0,242.5719858037147,43.17181823441955
Cl III,1,1.0,B3,19000,1161960566349.7817,1.0,1853.5288338130938,325.58609201631054
Cl III,1,1.0,B0,30000,1161960566349.7817,1.0,12264.15362008883,2087.194325080533
Cl III,1,1.0,O0,50000,1161960566349.7817,1.0,59477.06285972137,9588.101064290517
Cl III,10,10.0,M6,3000,11385409370693.57,1.0,7.518127763477039e-12,1.111516589337636e-12
Cl III,10,10.0,K1,5000,11385409370693.57,1.0,6.1420436514921515e-09,1.2523441094657773e-09
Cl III,10,10.0,F8,6000,11385409370693.57,1.0,3.6859367738999394e-08,7.422896310468653e-09
Cl III,10,10.0,A6,8000,11385409370693.57,1.0,6.087255434900723e-07,7.324649511750175e-08
Cl III,10,10.0,A0,10000,11385409370693.57,1.0,0.0024741546020643074,0.00037353591764987626
Cl III,10,10.0,B5,15000,11385409370693.57,1.0,241.74232118142913,41.13874460199738
Cl III,10,10.0,B3,19000,11385409370693.57,1.0,1852.105708773221,312.3077946003394
Cl III,10,10.0,B0,30000,11385409370693.57,1.0,12260.879725327073,2001.6303296821084
Cl III,10,10.0,O0,50000,11385409370693.57,1.0,59283.161028172,9110.123069292897
Cl III,100,100.0,M6,3000,113621018831891.12,1.0,5.62751588208509e-12,8.268326763850797e-13
Cl III,100,100.0,K1,5000,113621018831891.12,1.0,4.256332619323959e-09,7.453213799708666e-10
Cl III,100,100.0,F8,6000,113621018831891.12,1.0,2.975902527635822e-08,5.636263328750055e-09
Cl III,100,100.0,A6,8000,113621018831891.12,1.0,6.117398632492054e-07,7.307897548709058e-08
Cl III,100,100.0,A0,10000,113621018831891.12,1.0,0.0024168441666324305,0.00035856033710182026
Cl III,100,100.0,B5,15000,113621018831891.12,1.0,237.38845304891288,37.865518170095775
Cl III,100,100.0,B3,19000,113621018831891.12,1.0,1955.8081756667302,323.7403207309226
Cl III,100,100.0,B0,30000,113621018831891.12,1.0,13446.91254270776,2207.637711718023
Cl III,100,100.0,O0,50000,113621018831891.12,1.0,59201.27395313825,9073.122194589643
Ar I,0,1e-20,M6,3000,18407999553.903046,0.9999999999999999,6.250521315323771e-29,1.2749086000624306e-30
Ar I,0,1e-20,K1,5000,18407999553.903046,0.9999999999999999,2.217225384428548e-15,2.1662243808035354e-17
Ar I,0,1e-20,F8,6000,18407999553.903046,0.9999999999999999,1.1649871055381244e-09,1.4995983829718073e-10
Ar I,0,1e-20,A6,8000,18407999553.903046,0.9999999999999999,2.9818677020980755e-07,2.8651852739532677e-09
Ar I,0,1e-20,A0,10000,18407999553.903046,0.9999999999999999,0.001317346918617775,1.2445486663241105e-05
Ar I,0,1e-20,B5,15000,18407999553.903046,0.9999999999999999,88.94111312956906,0.8287095416596484
Ar I,0,1e-20,B3,19000,18407999553.903046,0.9999999999999999,622.5712322440636,5.879859266145654
Ar I,0,1e-20,B0,30000,18407999553.903046,0.9999999999999999,3994.78109138642,45.5698451323738
Ar I,0,1e-20,O0,50000,18407999553.903046,0.9999999999999999,26647.52279891363,1320.0070283398525
Ar I,1,1.0,M6,3000,2435544959222.699,1.0,8.275376576995924e-29,1.356247099133272e-30
Ar I,1,1.0,K1,5000,2435544959222.699,1.0,2.160723128548827e-15,1.6638553577491607e-17
Ar I,1,1.0,F8,6000,2435544959222.699,1.0,1.32851220239427e-09,1.151388392979855e-10
Ar I,1,1.0,A6,8000,2435544959222.699,1.0,2.7978995531221517e-07,1.8597241596204564e-09
Ar I,1,1.0,A0,10000,2435544959222.699,1.0,0.001247055790945382,8.412835264278333e-06
Ar I,1,1.0,B5,15000,2435544959222.699,1.0,81.95953180165893,0.4906837169975574
Ar I,1,1.0,B3,19000,2435544959222.699,1.0,541.7523450381423,2.4156278751977496
Ar I,1,1.0,B0,30000,2435544959222.699,1.0,3528.0000835516435,26.066123916151177
Ar I,1,1.0,O0,50000,2435544959222.699,1.0,26436.36241730515,1008.8951885319182
Ar I,10,10.0,M6,3000,24246107130648.18,1.0,5.7450668068015085e-28,1.0138596310842656e-29
Ar I,10,10.0,K1,5000,24246107130648.18,1.0,2.637851266594039e-15,2.360938747891805e-17
Ar I,10,10.0,F8,6000,24246107130648.18,1.0,1.3290340184131001e-09,1.149440496157631e-10
Ar I,10,10.0,A6,8000,24246107130648.18,1.0,2.7964365763199115e-07,1.8552642556618951e-09
Ar I,10,10.0,A0,10000,24246107130648.18,1.0,0.0012463063867857605,8.390821966287524e-06
Ar I,10,10.0,B5,15000,24246107130648.18,1.0,81.75250633874532,0.48641058505176477
Ar I,10,10.0,B3,19000,24246107130648.18,1.0,540.5869612847888,2.3862294153414285
Ar I,10,10.0,B0,30000,24246107130648.18,1.0,3519.4452622216654,25.924181495223404
Ar I,10,10.0,O0,50000,24246107130648.18,1.0,26430.09939552768,1007.1600341703572
Ar I,100,100.0,M6,3000,242351844888990.56,0.9999999999999999,4.503523060251969e-27,6.361327079291157e-29
Ar I,100,100.0,K1,5000,242351844888990.56,0.9999999999999999,9.0318868789946e-15,7.521047280423398e-17
Ar I,100,100.0,F8,6000,242351844888990.56,0.9999999999999999,1.3290373391632428e-09,1.1492448251288697e-10
Ar I,100,100.0,A6,8000,242351844888990.56,0.9999999999999999,2.755638771188259e-07,1.878955740314556e-09
Ar I,100,100.0,A0,10000,242351844888990.56,0.9999999999999999,0.0012227822380884682,8.27679274908456e-06
Ar I,100,100.0,B5,15000,242351844888990.56,0.9999999999999999,81.98862256826767,0.43717969801480955
Ar I,100,100.0,B3,19000,242351844888990.56,0.9999999999999999,539.6877997307967,2.289874735998857
Ar I,100,100.0,B0,30000,242351844888990.56,0.9999999999999999,3640.882575144071,25.981533286052816
Ar I,100,100.0,O0,50000,242351844888990.56,0.9999999999999999,26557.5312584894,1007.0790215796045
Ar II,0,1e-20,M6,3000,114657013421.30885,1.0,3.445853229903646e-37,9.737731104239749e-38
Ar II,0,1e-20,K1,5000,114657013421.30885,1.0,5.505811567453666e-20,1.555902302556957e-20
Ar II,0,1e-20,F8,6000,114657013421.30885,1.0,2.7186032632378014e-13,6.478296033928572e-14
Ar II,0,1e-20,A6,8000,114657013421.30885,1.0,1.136733678007531e-09,3.199085172217112e-10
Ar II,0,1e-20,A0,10000,114657013421.30885,1.0,4.645563822629351e-06,1.296715986478823e-06
Ar II,0,1e-20,B5,15000,114657013421.30885,1.0,0.14401482815814928,0.07059993419249867
Ar II,0,1e-20,B3,19000,114657013421.30885,1.0,3.074101123168739,1.302102271090191
Ar II,0,1e-20,B0,30000,114657013421.30885,1.0,98.4252174399721,37.197333751378416
Ar II,0,1e-20,O0,50000,114657013421.30885,1.0,9058.021240746491,3819.7118453277862
Ar II,1,1.0,M6,3000,5193763313373.897,0.9999999999999999,4.763483625770501e-37,1.1395034549045165e-37
Ar II,1,1.0,K1,5000,5193763313373.897,0.9999999999999999,7.889654768406477e-20,1.8900811171826514e-20
Ar II,1,1.0,F8,6000,5193763313373.897,0.9999999999999999,3.410693427708366e-13,6.737750988541484e-14
Ar II,1,1.0,A6,8000,5193763313373.897,0.9999999999999999,1.5665265721197072e-09,3.73731156634844e-10
Ar II,1,1.0,A0,10000,5193763313373.897,0.9999999999999999,6.382192011819029e-06,1.5146321240675404e-06
Ar II,1,1.0,B5,15000,5193763313373.897,0.9999999999999999,0.12087650878957919,0.02170055906411551
Ar II,1,1.0,B3,19000,5193763313373.897,0.9999999999999999,2.807103511568841,0.43603725316620406
Ar II,1,1.0,B0,30000,5193763313373.897,0.9999999999999999,92.24409378301726,14.674761277592076
Ar II,1,1.0,O0,50000,5193763313373.897,0.9999999999999999,8021.200866930548,1362.5664611295572
Ar II,10,10.0,M6,3000,51247208717418.83,1.0,5.405876931916471e-37,1.3004765529726064e-37
Ar II,10,10.0,K1,5000,51247208717418.83,1.0,1.9880590501293303e-19,4.7957398909286454e-20
Ar II,10,10.0,F8,6000,51247208717418.83,1.0,5.335298924792268e-13,1.1402905828815978e-13
Ar II,10,10.0,A6,8000,51247208717418.83,1.0,1.5559409459727058e-09,3.709013355743115e-10
Ar II,10,10.0,A0,10000,51247208717418.83,1.0,6.336365352974404e-06,1.5024682540970349e-06
Ar II,10,10.0,B5,15000,51247208717418.83,1.0,0.11782694468795633,0.01971748995896861
Ar II,10,10.0,B3,19000,51247208717418.83,1.0,2.743582005960027,0.40278002694036197
Ar II,10,10.0,B0,30000,51247208717418.83,1.0,92.31409584765923,14.331501914787228
Ar II,10,10.0,O0,50000,51247208717418.83,1.0,8003.703132957886,1314.6357328280176
Ar II,100,100.0,M6,3000,511783838473066.06,1.0,2.0609132523706482e-34,5.019101722552375e-35
Ar II,100,100.0,K1,5000,511783838473066.06,1.0,3.10755519919014e-19,7.39608845870718e-20
Ar II,100,100.0,F8,6000,511783838473066.06,1.0,5.853326141109799e-11,1.428222912728523e-11
Ar II,100,100.0,A6,8000,511783838473066.06,1.0,1.4336838892722658e-09,3.4134185456952784e-10
Ar II,100,100.0,A0,10000,511783838473066.06,1.0,5.525170710516215e-06,1.3056078090402683e-06
Ar II,100,100.0,B5,15000,511783838473066.06,1.0,0.0763049494138416,0.008142888894623548
Ar II,100,100.0,B3,19000,511783838473066.06,1.0,1.856546600302085,0.2064583762020757
Ar II,100,100.0,B0,30000,511783838473066.06,1.0,94.78144634561819,14.990431566259428
Ar II,100,100.0,O0,50000,511783838473066.06,1.0,7919.12772410519,1291.2253707848702
Ar III,0,1e-20,M6,3000,1233260350.7055259,1.0,1.6400512011481335e-10,5.473105048572609e-11
Ar III,0,1e-20,K1,5000,1233260350.7055259,1.0,3.3039273817888866e-08,1.102567019640072e-08
Ar III,0,1e-20,F8,6000,1233260350.7055259,1.0,1.1139124308074773e-07,3.7076518015443734e-08
Ar III,0,1e-20,A6,8000,1233260350.7055259,1.0,3.90500754515308e-07,1.2976201534233935e-07
Ar III,0,1e-20,A0,10000,1233260350.7055259,1.0,4.182836103159619e-06,1.1116012243634685e-06
Ar III,0,1e-20,B5,15000,1233260350.7055259,1.0,0.01836468147806303,0.005915635815727042
Ar III,0,1e-20,B3,19000,1233260350.7055259,1.0,0.6075921249067621,0.1961914976466874
Ar III,0,1e-20,B0,30000,1233260350.7055259,1.0,53.3671632213959,17.17312546365695
Ar III,0,1e-20,O0,50000,1233260350.7055259,1.0,2489.9509774158305,801.7550715459732
Ar III,1,1.0,M6,3000,23582970912251.152,1.0,2.6865278669784435e-10,6.687378054271957e-11
Ar III,1,1.0,K1,5000,23582970912251.152,1.0,5.4696284571231674e-08,1.3613876494132335e-08
Ar III,1,1.0,F8,6000,23582970912251.152,1.0,1.841755850080775e-07,4.577577546461903e-08
Ar III,1,1.0,A6,8000,23582970912251.152,1.0,6.454514117552599e-07,1.602063413175783e-07
Ar III,1,1.0,A0,10000,23582970912251.152,1.0,3.3905685924739384e-06,3.935276565946177e-07
Ar III,1,1.0,B5,15000,23582970912251.152,1.0,0.01092211176256651,0.0009914386535825113
Ar III,1,1.0,B3,19000,23582970912251.152,1.0,0.3607990023378257,0.03267011648408595
Ar III,1,1.0,B0,30000,23582970912251.152,1.0,31.754764281087105,2.887142355372782
Ar III,1,1.0,O0,50000,23582970912251.152,1.0,1481.0230884315636,134.5520077063112
Ar III,10,10.0,M6,3000,235363247062584.9,1.0,2.5847784162408907e-10,6.434104687453195e-11
Ar III,10,10.0,K1,5000,235363247062584.9,1.0,5.622673016286417e-08,1.3995161166011733e-08
Ar III,10,10.0,F8,6000,235363247062584.9,1.0,1.845095484671275e-07,4.585850159051707e-08
Ar III,10,10.0,A6,8000,235363247062584.9,1.0,6.453788343036747e-07,1.6018839739612135e-07
Ar III,10,10.0,A0,10000,235363247062584.9,1.0,3.38997938795623e-06,3.9315668160992104e-07
Ar III,10,10.0,B5,15000,235363247062584.9,1.0,0.010918856150244882,0.000986952991790123
Ar III,10,10.0,B3,19000,235363247062584.9,1.0,0.36069057045306896,0.032520615269798006
Ar III,10,10.0,B0,30000,235363247062584.9,1.0,31.745332532957686,2.8741514294828163
Ar III,10,10.0,O0,50000,235363247062584.9,1.0,1480.5822339453612,133.9446834998719
Ar III,100,100.0,M6,3000,2353166226503044.0,1.0,2.7168045274079335e-10,6.762751160565966e-11
Ar III,100,100.0,K1,5000,2353166226503044.0,1.0,5.911768497003447e-08,1.4714760807497019e-08
Ar III,100,100.0,F8,6000,2353166226503044.0,1.0,1.85248161390437e-07,4.604207557755987e-08
Ar III,100,100.0,A6,8000,2353166226503044.0,1.0,6.438580160456642e-07,1.59817544873228e-07
Ar III,100,100.0,A0,10000,2353166226503044.0,1.0,3.3897320369488786e-06,3.9308687396064317e-07
Ar III,100,100.0,B5,15000,2353166226503044.0,1.0,0.010918530935050214,0.0009865037662371327
Ar III,100,100.0,B3,19000,2353166226503044.0,1.0,0.36067969078389833,0.03250564289401548
Ar III,100,100.0,B0,30000,2353166226503044.0,1.0,31.744386210756474,2.872850437603509
Ar III,100,100.0,O0,50000,2353166226503044.0,1.0,1480.5380016064094,133.88386199289477
K I,0,1e-20,M6,3000,534438747.1401698,1.0,0.006509442611984936,1.5636523412520273e-05
K I,0,1e-20,K1,5000,534438747.1401698,1.0,4.708649634492147,0.01129733409645974
K I,0,1e-20,F8,6000,534438747.1401698,1.0,43.236495888337174,0.10383156268601255
K I,0,1e-20,A6,8000,534438747.1401698,1.0,170.59872450406093,0.4162303876006194
K I,0,1e-20,A0,10000,534438747.1401698,1.0,370.67825829511116,0.93760426606774
K I,0,1e-20,B5,15000,534438747.1401698,1.0,775.2650192303144,2.0130510615438673
K I,0,1e-20,B3,19000,534438747.1401698,1.0,951.6662047065468,2.5270449097532874
K I,0,1e-20,B0,30000,534438747.1401698,1.0,1630.6889901551165,4.498459712942351
K I,0,1e-20,O0,50000,534438747.1401698,1.0,3763.6547032326475,10.477047957767823
K I,1,1.0,M6,3000,131117013012.06758,1.0,0.0067622530510601155,8.181727488014218e-06
K I,1,1.0,K1,5000,131117013012.06758,1.0,4.2725013146650594,0.004821387250105914
K I,1,1.0,F8,6000,131117013012.06758,1.0,36.91283307201399,0.04018977433167306
K I,1,1.0,A6,8000,131117013012.06758,1.0,145.85116433107464,0.16975141399186205
K I,1,1.0,A0,10000,131117013012.06758,1.0,317.6364336124804,0.4186736022827525
K I,1,1.0,B5,15000,131117013012.06758,1.0,665.4154499304334,0.9473464902029202
K I,1,1.0,B3,19000,131117013012.06758,1.0,817.7869286178933,1.2347542485409884
K I,1,1.0,B0,30000,131117013012.06758,1.0,1403.9949666216241,2.3186613978173845
K I,1,1.0,O0,50000,131117013012.06758,1.0,3242.2173575648717,5.464229543646658
K I,10,10.0,M6,3000,1308106142151.9023,1.0,0.06526612655609476,8.946017229008982e-05
K I,10,10.0,K1,5000,1308106142151.9023,1.0,10.666611674768983,0.012984396884944223
K I,10,10.0,F8,6000,1308106142151.9023,1.0,37.388848330492586,0.040926976379651786
K I,10,10.0,A6,8000,1308106142151.9023,1.0,145.79793105901172,0.16886294949864072
K I,10,10.0,A0,10000,1308106142151.9023,1.0,317.49490218745143,0.4169403255439712
K I,10,10.0,B5,15000,1308106142151.9023,1.0,665.1287649047645,0.9441885051072637
K I,10,10.0,B3,19000,1308106142151.9023,1.0,817.4299244538043,1.2311287463968066
K I,10,10.0,B0,30000,1308106142151.9023,1.0,1403.3996375537508,2.3130206880279403
K I,10,10.0,O0,50000,1308106142151.9023,1.0,3240.834179440618,5.451574886929307
K I,100,100.0,M6,3000,13077999125008.67,1.0,0.19550440150663714,0.00023397384938450772
K I,100,100.0,K1,5000,13077999125008.67,1.0,14.495838265112729,0.015813093073348175
K I,100,100.0,F8,6000,13077999125008.67,1.0,43.636385809558085,0.047467618757303216
K I,100,100.0,A6,8000,13077999125008.67,1.0,146.3755864714507,0.16887465412920613
K I,100,100.0,A0,10000,13077999125008.67,1.0,317.497215527442,0.41610981409489006
K I,100,100.0,B5,15000,13077999125008.67,1.0,665.0670846811804,0.9438317390377521
K I,100,100.0,B3,19000,13077999125008.67,1.0,817.2369029657638,1.2313487313841538
K I,100,100.0,B0,30000,13077999125008.67,1.0,1403.6266803822389,2.3151478250156408
K I,100,100.0,O0,50000,13077999125008.67,1.0,3240.656279029851,5.449999974376439
K II,0,1e-20,M6,3000,55804495030.231285,1.0,2.58971050278976e-55,0.0
K II,0,1e-20,K1,5000,55804495030.231285,1.0,5.5013830948596586e-33,0.0
K II,0,1e-20,F8,6000,55804495030.231285,1.0,4.5725115511995734e-10,0.0
K II,0,1e-20,A6,8000,55804495030.231285,1.0,2.896825348409589e-15,0.0
K II,0,1e-20,A0,10000,55804495030.231285,1.0,2.939553121592984e-10,0.0
K II,0,1e-20,B5,15000,55804495030.231285,1.0,0.030533727776947656,0.0
K II,0,1e-20,B3,19000,55804495030.231285,1.0,2.8768005346452847,0.0
K II,0,1e-20,B0,30000,55804495030.231285,1.0,134.45216671240374,0.0
K II,0,1e-20,O0,50000,55804495030.231285,1.0,239681.9618289959,0.0
K II,1,1.0,M6,3000,240190316540.72757,1.0,3.960457956650935e-55,0.0
K II,1,1.0,K1,5000,240190316540.72757,1.0,8.316275192995228e-33,0.0
K II,1,1.0,F8,6000,240190316540.72757,1.0,3.440606318608926e-10,0.0
K II,1,1.0,A6,8000,240190316540.72757,1.0,4.345022943730807e-15,0.0
K II,1,1.0,A0,10000,240190316540.72757,1.0,4.3838442571284254e-10,0.0
K II,1,1.0,B5,15000,240190316540.72757,1.0,0.023891023221896426,0.0
K II,1,1.0,B3,19000,240190316540.72757,1.0,2.3058844181058253,0.0
K II,1,1.0,B0,30000,240190316540.72757,1.0,165.2135721117306,0.0
K II,1,1.0,O0,50000,240190316540.72757,1.0,195488.99864611344,0.0
K II,10,10.0,M6,3000,1880306397900.2942,1.0,3.982037971648747e-55,0.0
K II,10,10.0,K1,5000,1880306397900.2942,1.0,8.378498025282943e-33,0.0
K II,10,10.0,F8,6000,1880306397900.2942,1.0,3.266152926307571e-10,0.0
K II,10,10.0,A6,8000,1880306397900.2942,1.0,4.382832405255895e-15,0.0
K II,10,10.0,A0,10000,1880306397900.2942,1.0,4.4227413029533937e-10,0.0
K II,10,10.0,B5,15000,1880306397900.2942,1.0,0.02282315523995796,0.0
K II,10,10.0,B3,19000,1880306397900.2942,1.0,2.1982934463873955,0.0
K II,10,10.0,B0,30000,1880306397900.2942,1.0,164.94011727711657,0.0
K II,10,10.0,O0,50000,1880306397900.2942,1.0,187787.79909258866,0.0
K II,100,100.0,M6,3000,18310201588506.297,0.9999999999999999,3.9879370581267674e-55,0.0
K II,100,100.0,K1,5000,18310201588506.297,0.9999999999999999,8.387172758142991e-33,0.0
K II,100,100.0,F8,6000,18310201588506.297,0.9999999999999999,3.244835995300569e-10,0.0
K II,100,100.0,A6,8000,18310201588506.297,0.9999999999999999,4.385474463766565e-15,0.0
K II,100,100.0,A0,10000,18310201588506.297,0.9999999999999999,4.4094805378190705e-10,0.0
K II,100,100.0,B5,15000,18310201588506.297,0.9999999999999999,0.0546614918654098,0.0
K II,100,100.0,B3,19000,18310201588506.297,0.9999999999999999,2.1652844279439236,0.0
K II,100,100.0,B0,30000,18310201588506.297,0.9999999999999999,157.4026043378582,0.0
K II,100,100.0,O0,50000,18310201588506.297,0.9999999999999999,201808.52432373742,0.0
K III,0,1e-20,M6,3000,58925327.757705435,1.0,9.409319638952307e-09,1.9564759162949957e-10
K III,0,1e-20,K1,5000,58925327.757705435,1.0,6.386472398436475e-08,1.3279365477071807e-09
K III,0,1e-20,F8,6000,58925327.757705435,1.0,1.1747359695921386e-07,2.442606895943466e-09
K III,0,1e-20,A6,8000,58925327.757705435,1.0,2.2263252656475036e-07,4.629094777263985e-09
K III,0,1e-20,A0,10000,58925327.757705435,1.0,4.078343817816896e-07,7.836108693631533e-09
K III,0,1e-20,B5,15000,58925327.757705435,1.0,0.004750479459205607,1.2561888660238534e-08
K III,0,1e-20,B3,19000,58925327.757705435,1.0,0.21988957965231987,1.350058977188047e-08
K III,0,1e-20,B0,30000,58925327.757705435,1.0,15.868704597768788,1.8154936522192297e-08
K III,0,1e-20,O0,50000,58925327.757705435,1.0,47150.200483563305,3.9007998710230615e-08
K III,1,1.0,M6,3000,1795335843030.312,1.0,1.573076022465655e-08,4.719220247987181e-10
K III,1,1.0,K1,5000,1795335843030.312,1.0,1.0662960143544706e-07,3.1988827396358518e-09
K III,1,1.0,F8,6000,1795335843030.312,1.0,1.965761741277271e-07,5.897254011900074e-09
K III,1,1.0,A6,8000,1795335843030.312,1.0,3.726709123117043e-07,1.1179974203512498e-08
K III,1,1.0,A0,10000,1795335843030.312,1.0,6.615701534048033e-07,1.8925400333210507e-08
K III,1,1.0,B5,15000,1795335843030.312,1.0,0.003750365243036395,3.0338886422824085e-08
K III,1,1.0,B3,19000,1795335843030.312,1.0,0.17179319471925078,3.260598879029179e-08
K III,1,1.0,B0,30000,1795335843030.312,1.0,15.063923431639068,4.384694857204227e-08
K III,1,1.0,O0,50000,1795335843030.312,1.0,33297.345243363496,9.421028267802408e-08
K III,10,10.0,M6,3000,15790446156861.14,1.0,1.4756732615457724e-08,4.427013209174098e-10
K III,10,10.0,K1,5000,15790446156861.14,1.0,1.0189411121435269e-07,3.056818841032879e-09
K III,10,10.0,F8,6000,15790446156861.14,1.0,1.9515474925184372e-07,5.8546122334114055e-09
K III,10,10.0,A6,8000,15790446156861.14,1.0,3.7267318110130415e-07,1.1180044155651526e-08
K III,10,10.0,A0,10000,15790446156861.14,1.0,6.616487816802333e-07,1.892543358641334e-08
K III,10,10.0,B5,15000,15790446156861.14,1.0,0.003778681511360313,3.0339114808349225e-08
K III,10,10.0,B3,19000,15790446156861.14,1.0,0.17268934926429041,3.260601886086627e-08
K III,10,10.0,B0,30000,15790446156861.14,1.0,15.103737475828837,4.384701814969278e-08
K III,10,10.0,O0,50000,15790446156861.14,1.0,33249.37219153444,9.421040245982936e-08
K III,100,100.0,M6,3000,155805511215069.53,1.0,1.4308105041529347e-08,4.2924253548832693e-10
K III,100,100.0,K1,5000,155805511215069.53,1.0,9.978324525804262e-08,2.9934930308950394e-09
K III,100,100.0,F8,6000,155805511215069.53,1.0,1.9293549743189085e-07,5.7880347101979555e-09
K III,100,100.0,A6,8000,155805511215069.53,1.0,3.7269802108145404e-07,1.118078958019146e-08
K III,100,100.0,A0,10000,155805511215069.53,1.0,6.616228292369765e-07,1.8926284062151173e-08
K III,100,100.0,B5,15000,155805511215069.53,1.0,0.0034083783871773983,3.03437203079021e-08
K III,100,100.0,B3,19000,155805511215069.53,1.0,0.16734784497279634,3.260670695707854e-08
K III,100,100.0,B0,30000,155805511215069.53,1.0,15.272504440295206,4.3849845676001536e-08
K III,100,100.0,O0,50000,155805511215069.53,1.0,35296.60691485487,9.421280826045217e-08
Ca I,0,1e-20,M6,3000,484529186.657123,1.0,7.833256486470281e-06,7.114135947990863e-07
Ca I,0,1e-20,K1,5000,484529186.657123,1.0,0.19193870343454314,0.017777747566898826
Ca I,0,1e-20,F8,6000,484529186.657123,1.0,8.92482921430267,0.827461198921897
Ca I,0,1e-20,A6,8000,484529186.657123,1.0,348.5049893774403,32.107677239480374
Ca I,0,1e-20,A0,10000,484529186.657123,1.0,1378.8386390722953,125.78373459559805
Ca I,0,1e-20,B5,15000,484529186.657123,1.0,3672.9829171799497,322.41308777068286
Ca I,0,1e-20,B3,19000,484529186.657123,1.0,5185.331371575846,444.6763178255214
Ca I,0,1e-20,B0,30000,484529186.657123,1.0,11162.017003630024,917.0725037510309
Ca I,0,1e-20,O0,50000,484529186.657123,1.0,27261.463484604246,2220.1889811108326
Ca I,1,1.0,M6,3000,90874614066.62663,1.0,5.85916052756457e-06,3.1328297201926025e-07
Ca I,1,1.0,K1,5000,90874614066.62663,1.0,0.12421595820035873,0.003482507969055556
Ca I,1,1.0,F8,6000,90874614066.62663,1.0,5.693996054774019,0.15468410981948602
Ca I,1,1.0,A6,8000,90874614066.62663,1.0,223.21733801328503,6.008287698432121
Ca I,1,1.0,A0,10000,90874614066.62663,1.0,889.170732641803,23.683442748042847
Ca I,1,1.0,B5,15000,90874614066.62663,1.0,2436.4093923858095,65.33846965793255
Ca I,1,1.0,B3,19000,90874614066.62663,1.0,3506.2888939107424,98.34519250193475
Ca I,1,1.0,B0,30000,90874614066.62663,1.0,7933.5930206798885,273.66418821232156
Ca I,1,1.0,O0,50000,90874614066.62663,1.0,19789.653547774837,751.4669374293464
Ca I,10,10.0,M6,3000,902019878117.1824,1.0,2.5943417598352693e-05,1.62018621131364e-06
Ca I,10,10.0,K1,5000,902019878117.1824,1.0,0.4524787857125336,0.016836362166605924
Ca I,10,10.0,F8,6000,902019878117.1824,1.0,6.425996285385395,0.1888476563088831
Ca I,10,10.0,A6,8000,902019878117.1824,1.0,223.13604193593608,5.852827536698229
Ca I,10,10.0,A0,10000,902019878117.1824,1.0,887.6679038552949,23.019860718599237
Ca I,10,10.0,B5,15000,902019878117.1824,1.0,2431.820991255683,63.74721570344361
Ca I,10,10.0,B3,19000,902019878117.1824,1.0,3500.1803356847176,96.36477605168452
Ca I,10,10.0,B0,30000,902019878117.1824,1.0,7922.9533569782025,270.94217012349213
Ca I,10,10.0,O0,50000,902019878117.1824,1.0,19763.409690556375,745.9701238243598
Ca I,100,100.0,M6,3000,9013484298652.402,1.0,0.0003144594509661886,1.3171799470675838e-05
Ca I,100,100.0,K1,5000,9013484298652.402,1.0,1.6946608021584717,0.064958660184945
Ca I,100,100.0,F8,6000,9013484298652.402,1.0,20.176661549772962,0.7239935150770681
Ca I,100,100.0,A6,8000,9013484298652.402,1.0,239.2242509270228,6.563863744676216
Ca I,100,100.0,A0,10000,9013484298652.402,1.0,898.6576358533664,23.46043222616859
Ca I,100,100.0,B5,15000,9013484298652.402,1.0,2426.745724941046,63.395423534083896
Ca I,100,100.0,B3,19000,9013484298652.402,1.0,3496.3275382061793,96.1088091511309
Ca I,100,100.0,B0,30000,9013484298652.402,1.0,7919.210316533469,271.16295692540035
Ca I,100,100.0,O0,50000,9013484298652.402,1.0,19764.42670567107,745.74015558779
Ca II,0,1e-20,M6,3000,393721400.1538972,1.0,4.719694685500303e-05,1.2744138198333559e-05
Ca II,0,1e-20,K1,5000,393721400.1538972,1.0,0.02088876794254636,0.00567856302086892
Ca II,0,1e-20,F8,6000,393721400.1538972,1.0,0.9024980098816889,0.24564603836081003
Ca II,0,1e-20,A6,8000,393721400.1538972,1.0,62.4111949193271,17.855792648406574
Ca II,0,1e-20,A0,10000,393721400.1538972,1.0,548.4015007142339,174.90608935892192
Ca II,0,1e-20,B5,15000,393721400.1538972,1.0,1859.3118208442036,567.6481214897019
Ca II,0,1e-20,B3,19000,393721400.1538972,1.0,2656.4425604786093,802.2647478594384
Ca II,0,1e-20,B0,30000,393721400.1538972,1.0,5913.799035020341,1738.6551095661998
Ca II,0,1e-20,O0,50000,393721400.1538972,1.0,14380.059846113294,4171.381200387603
Ca II,1,1.0,M6,3000,250012482955.65283,1.0,3.2613440288425355e-05,3.3736285230479162e-06
Ca II,1,1.0,K1,5000,250012482955.65283,1.0,0.013869501966861663,0.0013490686369152648
Ca II,1,1.0,F8,6000,250012482955.65283,1.0,0.5849562489260255,0.055247405374048604
Ca II,1,1.0,A6,8000,250012482955.65283,1.0,39.221608236127366,3.398400314210187
Ca II,1,1.0,A0,10000,250012482955.65283,1.0,330.6159037789564,27.879845954697263
Ca II,1,1.0,B5,15000,250012482955.65283,1.0,1138.287571694632,95.49251397909357
Ca II,1,1.0,B3,19000,250012482955.65283,1.0,1632.8243326105198,137.21604721914488
Ca II,1,1.0,B0,30000,250012482955.65283,1.0,3673.1384619478763,311.8309847200439
Ca II,1,1.0,O0,50000,250012482955.65283,1.0,8981.681408650087,769.100382696828
Ca II,10,10.0,M6,3000,2488484498570.4585,1.0,0.0002759488282285617,3.394592220406112e-05
Ca II,10,10.0,K1,5000,2488484498570.4585,1.0,0.04915729888615187,0.005737121306828941
Ca II,10,10.0,F8,6000,2488484498570.4585,1.0,0.6889820243825573,0.06840241205633321
Ca II,10,10.0,A6,8000,2488484498570.4585,1.0,39.27675180278885,3.366354265629509
Ca II,10,10.0,A0,10000,2488484498570.4585,1.0,330.3504595630018,27.431531815604338
Ca II,10,10.0,B5,15000,2488484498570.4585,1.0,1137.6667718630697,94.07891930417452
Ca II,10,10.0,B3,19000,2488484498570.4585,1.0,1631.8480037344234,135.21063292459402
Ca II,10,10.0,B0,30000,2488484498570.4585,1.0,3669.626075588965,307.3285807029096
Ca II,10,10.0,O0,50000,2488484498570.4585,1.0,8972.75176154611,758.2834949800641
Ca II,100,100.0,M6,3000,24873217467200.863,1.0,0.0016801035957600752,0.00018109257093458975
Ca II,100,100.0,K1,5000,24873217467200.863,1.0,0.30170271029894896,0.03354069692464224
Ca II,100,100.0,F8,6000,24873217467200.863,1.0,2.331784767814664,0.2518721472263651
Ca II,100,100.0,A6,8000,24873217467200.863,1.0,55.406037334508824,5.493901966571123
Ca II,100,100.0,A0,10000,24873217467200.863,1.0,360.20110924169546,31.843807765223133
Ca II,100,100.0,B5,15000,24873217467200.863,1.0,1174.780959523465,98.70995795502822
Ca II,100,100.0,B3,19000,24873217467200.863,1.0,1680.6611059269635,141.18046311809502
Ca II,100,100.0,B0,30000,24873217467200.863,1.0,3682.7398171711193,308.72086316359264
Ca II,100,100.0,O0,50000,24873217467200.863,1.0,8957.48304041666,755.7799743464553
Ca III,0,1e-20,M6,3000,87034978061.66505,1.0,3.354044289500688e-72,8.63666829645733e-73
Ca III,0,1e-20,K1,5000,87034978061.66505,1.0,7.892256725205525e-45,2.0320875259726928e-45
Ca III,0,1e-20,F8,6000,87034978061.66505,1.0,4.033555116064803e-15,1.0365524161548034e-15
Ca III,0,1e-20,A6,8000,87034978061.66505,1.0,3.351470249784646e-23,8.364016358349752e-24
Ca III,0,1e-20,A0,10000,87034978061.66505,1.0,3.536502486661311e-17,7.433038705887061e-18
Ca III,0,1e-20,B5,15000,87034978061.66505,1.0,9.368852424138933e-05,7.736821260980359e-06
Ca III,0,1e-20,B3,19000,87034978061.66505,1.0,0.01906628256715102,0.0016183398868392812
Ca III,0,1e-20,B0,30000,87034978061.66505,1.0,0.7633253942680218,0.06441407109410335
Ca III,0,1e-20,O0,50000,87034978061.66505,1.0,29771.28286424688,2437.724457611293
Ca III,1,1.0,M6,3000,584692890661.3408,1.0,5.303625778035497e-72,1.325851179057942e-72
Ca III,1,1.0,K1,5000,584692890661.3408,1.0,1.2479650639171819e-44,3.11954279932861e-45
Ca III,1,1.0,F8,6000,584692890661.3408,1.0,6.376865883223676e-15,1.5912543917402863e-15
Ca III,1,1.0,A6,8000,584692890661.3408,1.0,5.274838086438171e-23,1.2839334762480502e-23
Ca III,1,1.0,A0,10000,584692890661.3408,1.0,5.397744294369819e-17,1.1384934147037392e-17
Ca III,1,1.0,B5,15000,584692890661.3408,1.0,9.119956176780512e-05,5.367842385656092e-06
Ca III,1,1.0,B3,19000,584692890661.3408,1.0,0.0177937795362006,0.0009707955628241903
Ca III,1,1.0,B0,30000,584692890661.3408,1.0,0.7177863885292424,0.039724263298092366
Ca III,1,1.0,O0,50000,584692890661.3408,1.0,28165.679819930407,1511.7416109429073
Ca III,10,10.0,M6,3000,4864545883161.655,1.0,5.303671600170097e-72,1.3258644375110114e-72
Ca III,10,10.0,K1,5000,4864545883161.655,1.0,1.2479758691293965e-44,3.119573963973467e-45
Ca III,10,10.0,F8,6000,4864545883161.655,1.0,6.3769460469776005e-15,1.5912702838845294e-15
Ca III,10,10.0,A6,8000,4864545883161.655,1.0,5.276007503876479e-23,1.2839465797870148e-23
Ca III,10,10.0,A0,10000,4864545883161.655,1.0,5.408164778862171e-17,1.1385285394849512e-17
Ca III,10,10.0,B5,15000,4864545883161.655,1.0,9.094684660695372e-05,5.1913308213776205e-06
Ca III,10,10.0,B3,19000,4864545883161.655,1.0,0.017685973916425738,0.0009130140836424759
Ca III,10,10.0,B0,30000,4864545883161.655,1.0,0.7140618349707993,0.03761597451451675
Ca III,10,10.0,O0,50000,4864545883161.655,1.0,27988.274817262973,1428.4915100154972
Ca III,100,100.0,M6,3000,47704245556208.28,0.9999999999999999,5.307367710437156e-72,1.326788582268743e-72
Ca III,100,100.0,K1,5000,47704245556208.28,0.9999999999999999,1.2483224647356491e-44,3.120441335951779e-45
Ca III,100,100.0,F8,6000,47704245556208.28,0.9999999999999999,6.37796987580292e-15,1.591527591559756e-15
Ca III,100,100.0,A6,8000,47704245556208.28,0.9999999999999999,5.2765189744991744e-23,1.284048060520879e-23
Ca III,100,100.0,A0,10000,47704245556208.28,0.9999999999999999,5.4094216359568065e-17,1.138581163589438e-17
Ca III,100,100.0,B5,15000,47704245556208.28,0.9999999999999999,9.067093754027283e-05,5.324428589699713e-06
Ca III,100,100.0,B3,19000,47704245556208.28,0.9999999999999999,0.01756944486848624,0.0009167885810326407
Ca III,100,100.0,B0,30000,47704245556208.28,0.9999999999999999,0.7109707881799328,0.037344157639430366
Ca III,100,100.0,O0,50000,47704245556208.28,0.9999999999999999,28136.084740758826,1433.8729535868945
Sc I,0,1e-20,M6,3000,1039943542.0144833,1.0,0.0009086249241109535,3.642410330777995e-05
Sc I,0,1e-20,K1,5000,1039943542.0144833,1.0,1.3467691736200804,0.0688751578498265
Sc I,0,1e-20,F8,6000,1039943542.0144833,1.0,29.30601713571279,1.5806176953638145
Sc I,0,1e-20,A6,8000,1039943542.0144833,1.0,256.3124374929188,14.158697577362574
Sc I,0,1e-20,A0,10000,1039943542.0144833,1.0,963.8917347697122,52.44627298884718
Sc I,0,1e-20,B5,15000,1039943542.0144833,1.0,3055.6088952371347,146.73978236144325
Sc I,0,1e-20,B3,19000,1039943542.0144833,1.0,4696.293822707734,216.08509400547945
Sc I,0,1e-20,B0,30000,1039943542.0144833,1.0,11709.819160860978,517.4466392355167
Sc I,0,1e-20,O0,50000,1039943542.0144833,1.0,30267.913946032637,1337.976469020307
Sc I,1,1.0,M6,3000,301356651962.36816,1.0,0.001024668770541477,2.7438430852661817e-05
Sc I,1,1.0,K1,5000,301356651962.36816,1.0,1.2597617618012515,0.035305529370543244
Sc I,1,1.0,F8,6000,301356651962.36816,1.0,22.731110849286946,0.545028516161682
Sc I,1,1.0,A6,8000,301356651962.36816,1.0,193.39409958413682,4.421350921505428
Sc I,1,1.0,A0,10000,301356651962.36816,1.0,728.700585416504,16.304866163836994
Sc I,1,1.0,B5,15000,301356651962.36816,1.0,2410.3836353709426,50.31074040368472
Sc I,1,1.0,B3,19000,301356651962.36816,1.0,3780.584260590849,80.24504528338903
Sc I,1,1.0,B0,30000,301356651962.36816,1.0,9811.195825608454,231.43093617767718
Sc I,1,1.0,O0,50000,301356651962.36816,1.0,25746.9258264449,638.2144307183157
Sc I,10,10.0,M6,3000,2997835137046.5635,1.0,0.003540616062571145,0.00010553157751325391
Sc I,10,10.0,K1,5000,2997835137046.5635,1.0,2.6938435819249626,0.07061634483426361
Sc I,10,10.0,F8,6000,2997835137046.5635,1.0,22.591579598217653,0.5317871695559759
Sc I,10,10.0,A6,8000,2997835137046.5635,1.0,193.36059027029867,4.387921392729633
Sc I,10,10.0,A0,10000,2997835137046.5635,1.0,728.2737701123584,16.176535245478917
Sc I,10,10.0,B5,15000,2997835137046.5635,1.0,2408.774491547448,49.96116881330438
Sc I,10,10.0,B3,19000,2997835137046.5635,1.0,3778.583024332544,79.77712398745035
Sc I,10,10.0,B0,30000,2997835137046.5635,1.0,9806.78723617512,230.52418920331078
Sc I,10,10.0,O0,50000,2997835137046.5635,1.0,25736.762964031095,636.0361236863529
Sc I,100,100.0,M6,3000,29962639405453.184,0.9999999999999999,0.00682950057445843,0.00020337724146528318
Sc I,100,100.0,K1,5000,29962639405453.184,0.9999999999999999,3.267247781753476,0.08418477694505339
Sc I,100,100.0,F8,6000,29962639405453.184,0.9999999999999999,22.29042502304348,0.5205690773040942
Sc I,100,100.0,A6,8000,29962639405453.184,0.9999999999999999,192.18377843623833,4.385351667661973
Sc I,100,100.0,A0,10000,29962639405453.184,0.9999999999999999,725.744353578415,16.132546540725947
Sc I,100,100.0,B5,15000,29962639405453.184,0.9999999999999999,2409.8142327331157,49.86034482610415
Sc I,100,100.0,B3,19000,29962639405453.184,0.9999999999999999,3780.901372225787,79.78191014361522
Sc I,100,100.0,B0,30000,29962639405453.184,0.9999999999999999,9810.808179348813,230.79183760098948
Sc I,100,100.0,O0,50000,29962639405453.184,0.9999999999999999,25734.30578736305,635.7996153420396
Sc II,0,1e-20,M6,3000,64221272.42985666,0.9999999999999999,0.0003943464658418794,2.6656057123210625e-05
Sc II,0,1e-20,K1,5000,64221272.42985666,0.9999999999999999,0.17724238319674884,0.010687506424124027
Sc II,0,1e-20,F8,6000,64221272.42985666,0.9999999999999999,5.4947736136690555,0.38338554883779685
Sc II,0,1e-20,A6,8000,64221272.42985666,0.9999999999999999,66.86122142813814,4.049905916244978
Sc II,0,1e-20,A0,10000,64221272.42985666,0.9999999999999999,259.8029829151201,14.665046355507888
Sc II,0,1e-20,B5,15000,64221272.42985666,0.9999999999999999,1333.7203266961883,70.7536851997911
Sc II,0,1e-20,B3,19000,64221272.42985666,0.9999999999999999,2272.4329489253837,117.46985407036816
Sc II,0,1e-20,B0,30000,64221272.42985666,0.9999999999999999,6766.067741995225,337.54955059133823
Sc II,0,1e-20,O0,50000,64221272.42985666,0.9999999999999999,18527.525507911476,916.2937026911844
Sc II,1,1.0,M6,3000,490705432662.8866,0.9999999999999999,0.0002824999059643387,8.842128161064958e-06
Sc II,1,1.0,K1,5000,490705432662.8866,0.9999999999999999,0.12168310310634117,0.0027881305317850186
Sc II,1,1.0,F8,6000,490705432662.8866,0.9999999999999999,3.5615078734375865,0.07575019682837306
Sc II,1,1.0,A6,8000,490705432662.8866,0.9999999999999999,44.861455639820484,0.8418828243248162
Sc II,1,1.0,A0,10000,490705432662.8866,0.9999999999999999,179.28672174672715,3.242531910566072
Sc II,1,1.0,B5,15000,490705432662.8866,0.9999999999999999,944.7562084295129,17.09751299526685
Sc II,1,1.0,B3,19000,490705432662.8866,0.9999999999999999,1628.756376722801,29.852925072305627
Sc II,1,1.0,B0,30000,490705432662.8866,0.9999999999999999,4940.800415112254,93.88184782598606
Sc II,1,1.0,O0,50000,490705432662.8866,0.9999999999999999,13601.208641938709,261.747815023986
Sc II,10,10.0,M6,3000,4890771923997.768,1.0,0.00031255732607949336,9.531751286771874e-06
Sc II,10,10.0,K1,5000,4890771923997.768,1.0,0.25469822759891536,0.006632686234883378
Sc II,10,10.0,F8,6000,4890771923997.768,1.0,3.8485068918622645,0.08407118791948451
Sc II,10,10.0,A6,8000,4890771923997.768,1.0,44.844413876699946,0.8363909260968871
Sc II,10,10.0,A0,10000,4890771923997.768,1.0,179.23890462626593,3.22255581949039
Sc II,10,10.0,B5,15000,4890771923997.768,1.0,944.3833243351438,16.994626018945816
Sc II,10,10.0,B3,19000,4890771923997.768,1.0,1627.8810189290245,29.670255276122745
Sc II,10,10.0,B0,30000,4890771923997.768,1.0,4939.720612095452,93.35834105718183
Sc II,10,10.0,O0,50000,4890771923997.768,1.0,13597.918219723002,260.28723020224135
Sc II,100,100.0,M6,3000,48891449604583.62,1.0,0.000639155822011942,1.5713574153804216e-05
Sc II,100,100.0,K1,5000,48891449604583.62,1.0,0.5282830180835724,0.011276847659707715
Sc II,100,100.0,F8,6000,48891449604583.62,1.0,5.841772418691061,0.11561803822612189
Sc II,100,100.0,A6,8000,48891449604583.62,1.0,46.02791223040453,0.8602455563634722
Sc II,100,100.0,A0,10000,48891449604583.62,1.0,180.49301986983207,3.241630797377417
Sc II,100,100.0,B5,15000,48891449604583.62,1.0,941.8876762761441,16.930901553098323
Sc II,100,100.0,B3,19000,48891449604583.62,1.0,1626.4207067207278,29.622783245305598
Sc II,100,100.0,B0,30000,48891449604583.62,1.0,4944.032073878796,93.53769271292028
Sc II,100,100.0,O0,50000,48891449604583.62,1.0,13594.310285637617,260.1070368499039
Sc III,0,1e-20,M6,3000,24605105488.502968,0.9999999999999999,8.587684355818709e-17,4.794208244256613e-17
Sc III,0,1e-20,K1,5000,24605105488.502968,0.9999999999999999,2.847928473880373e-08,1.560697623476816e-08
Sc III,0,1e-20,F8,6000,24605105488.502968,0.9999999999999999,1.5864694878747776e-05,8.824101734111509e-06
Sc III,0,1e-20,A6,8000,24605105488.502968,0.9999999999999999,0.07106494941619619,0.03137032337295247
Sc III,0,1e-20,A0,10000,24605105488.502968,0.9999999999999999,7.810580339681547,4.248605363861755
Sc III,0,1e-20,B5,15000,24605105488.502968,0.9999999999999999,96.63661961946113,53.770904562117444
Sc III,0,1e-20,B3,19000,24605105488.502968,0.9999999999999999,243.21776137809263,136.0280974579765
Sc III,0,1e-20,B0,30000,24605105488.502968,0.9999999999999999,1216.6010107730808,632.4639130459475
Sc III,0,1e-20,O0,50000,24605105488.502968,0.9999999999999999,12467.806285722956,5014.35103829576
Sc III,1,1.0,M6,3000,4881073691279.64,0.9999999999999999,6.529196505560476e-17,1.1773959057022278e-17
Sc III,1,1.0,K1,5000,4881073691279.64,0.9999999999999999,2.2016037719396787e-08,4.0382840557982944e-09
Sc III,1,1.0,F8,6000,4881073691279.64,0.9999999999999999,1.2100994548115823e-05,2.1881119076592194e-06
Sc III,1,1.0,A6,8000,4881073691279.64,0.9999999999999999,0.06651970673746363,0.017075318937052657
Sc III,1,1.0,A0,10000,4881073691279.64,0.9999999999999999,6.078019189613749,1.1237360911809684
Sc III,1,1.0,B5,15000,4881073691279.64,0.9999999999999999,73.68244355024194,13.318320509127568
Sc III,1,1.0,B3,19000,4881073691279.64,0.9999999999999999,184.31407276707876,33.08407523873644
Sc III,1,1.0,B0,30000,4881073691279.64,0.9999999999999999,924.1811988529506,154.3428041403012
Sc III,1,1.0,O0,50000,4881073691279.64,0.9999999999999999,9609.108834310418,1459.3513394300994
Sc III,10,10.0,M6,3000,48532620327677.52,1.0,6.780746756241941e-17,1.2220934148788833e-17
Sc III,10,10.0,K1,5000,48532620327677.52,1.0,2.24738486945832e-08,4.100734039508773e-09
Sc III,10,10.0,F8,6000,48532620327677.52,1.0,1.1797352771552624e-05,2.0766496163512118e-06
Sc III,10,10.0,A6,8000,48532620327677.52,1.0,0.06669684458686101,0.01707070127500608
Sc III,10,10.0,A0,10000,48532620327677.52,1.0,6.084074467776901,1.113070265399216
Sc III,10,10.0,B5,15000,48532620327677.52,1.0,73.83214116972856,13.191626279256136
Sc III,10,10.0,B3,19000,48532620327677.52,1.0,184.43933461430345,32.684743380796185
Sc III,10,10.0,B0,30000,48532620327677.52,1.0,922.7195409111056,151.9398817712565
Sc III,10,10.0,O0,50000,48532620327677.52,1.0,9598.035740487376,1437.6333260231747
Sc III,100,100.0,M6,3000,485048461445191.56,1.0,5.21135519249898e-17,9.531927648089865e-18
Sc III,100,100.0,K1,5000,485048461445191.56,1.0,2.051784708765413e-08,3.6588028065404396e-09
Sc III,100,100.0,F8,6000,485048461445191.56,1.0,1.0523061141840432e-05,1.928692998391286e-06
Sc III,100,100.0,A6,8000,485048461445191.56,1.0,0.08419355409217362,0.01936442065744082
Sc III,100,100.0,A0,10000,485048461445191.56,1.0,6.691374529835326,1.262030235113777
Sc III,100,100.0,B5,15000,485048461445191.56,1.0,79.06436057435347,14.38890047880957
Sc III,100,100.0,B3,19000,485048461445191.56,1.0,188.9089878895026,33.541856635029134
Sc III,100,100.0,B0,30000,485048461445191.56,1.0,887.0812076253661,143.4733401781328
Sc III,100,100.0,O0,50000,485048461445191.56,1.0,9571.458126788588,1431.0843225359383
Ti I,0,1e-20,M6,3000,1692860075.3055367,1.0,0.00017941512861407283,8.058410448966945e-06
Ti I,0,1e-20,K1,5000,1692860075.3055367,1.0,0.29268915342020496,0.016051525010717566
Ti I,0,1e-20,F8,6000,1692860075.3055367,1.0,9.31978681564805,0.45527440980929396
Ti I,0,1e-20,A6,8000,1692860075.3055367,1.0,109.49805240029329,5.298044182774964
Ti I,0,1e-20,A0,10000,1692860075.3055367,1.0,425.0422269128902,21.91752856840505
Ti I,0,1e-20,B5,15000,1692860075.3055367,1.0,1899.3940087062745,127.01742677389544
Ti I,0,1e-20,B3,19000,1692860075.3055367,1.0,3235.699974443127,233.03966113191834
Ti I,0,1e-20,B0,30000,1692860075.3055367,1.0,9514.85526875975,766.9931289002607
Ti I,0,1e-20,O0,50000,1692860075.3055367,1.0,25991.674196600576,2158.834236096377
Ti I,1,1.0,M6,3000,730063350065.6106,1.0,0.00022305406199993232,7.614059997020914e-06
Ti I,1,1.0,K1,5000,730063350065.6106,1.0,0.3099646392835533,0.008571660664580538
Ti I,1,1.0,F8,6000,730063350065.6106,1.0,8.791508226619895,0.20810582674516032
Ti I,1,1.0,A6,8000,730063350065.6106,1.0,100.95676126336438,2.325882269648857
Ti I,1,1.0,A0,10000,730063350065.6106,1.0,391.3368307031269,9.75377943423437
Ti I,1,1.0,B5,15000,730063350065.6106,1.0,1720.5174051893193,57.48481302962727
Ti I,1,1.0,B3,19000,730063350065.6106,1.0,2929.4939182517387,107.54389984553018
Ti I,1,1.0,B0,30000,730063350065.6106,1.0,8616.090154607966,363.6769932187199
Ti I,1,1.0,O0,50000,730063350065.6106,1.0,23522.736158817246,1029.5532776866448
Ti I,10,10.0,M6,3000,7281174900880.115,1.0,0.0007426243151482837,1.8058238364353794e-05
Ti I,10,10.0,K1,5000,7281174900880.115,1.0,0.754460581466671,0.019197624772435775
Ti I,10,10.0,F8,6000,7281174900880.115,1.0,9.24068183737752,0.21940659182506017
Ti I,10,10.0,A6,8000,7281174900880.115,1.0,100.92463577764978,2.3177648644517292
Ti I,10,10.0,A0,10000,7281174900880.115,1.0,391.3409265511784,9.723645048130955
Ti I,10,10.0,B5,15000,7281174900880.115,1.0,1720.2308078689139,57.28257618356478
Ti I,10,10.0,B3,19000,7281174900880.115,1.0,2929.175956296824,107.19618926458163
Ti I,10,10.0,B0,30000,7281174900880.115,1.0,8616.261896472644,362.6026623677373
Ti I,10,10.0,O0,50000,7281174900880.115,1.0,23522.281875980785,1026.5455354421001
Ti I,100,100.0,M6,3000,72792302662349.25,1.0,0.002035193268806133,3.6453005275860815e-05
Ti I,100,100.0,K1,5000,72792302662349.25,1.0,1.434476720787506,0.03623909617281223
Ti I,100,100.0,F8,6000,72792302662349.25,1.0,11.925679056546372,0.2940130147532208
Ti I,100,100.0,A6,8000,72792302662349.25,1.0,100.83290415183825,2.296151824150573
Ti I,100,100.0,A0,10000,72792302662349.25,1.0,390.9300834071418,9.733718949136499
Ti I,100,100.0,B5,15000,72792302662349.25,1.0,1717.155943999691,57.069781038304406
Ti I,100,100.0,B3,19000,72792302662349.25,1.0,2921.115910126615,106.86047595394639
Ti I,100,100.0,B0,30000,72792302662349.25,1.0,8588.97571506774,361.3681846785855
Ti I,100,100.0,O0,50000,72792302662349.25,1.0,23517.46337950814,1026.4615341935457
Ti II,0,1e-20,M6,3000,619649268.8539016,1.0,0.0004805065397089313,3.504198183822008e-05
Ti II,0,1e-20,K1,5000,619649268.8539016,1.0,0.08745420810750473,0.005711481752879359
Ti II,0,1e-20,F8,6000,619649268.8539016,1.0,1.808602717555198,0.10380162570995909
Ti II,0,1e-20,A6,8000,619649268.8539016,1.0,50.08439233111825,2.876264418846123
Ti II,0,1e-20,A0,10000,619649268.8539016,1.0,214.8501765395504,11.00156200260833
Ti II,0,1e-20,B5,15000,619649268.8539016,1.0,1277.4504929671618,58.276032888531844
Ti II,0,1e-20,B3,19000,619649268.8539016,1.0,2319.8292733199205,100.01298309362372
Ti II,0,1e-20,B0,30000,619649268.8539016,1.0,7642.550095623264,296.09815793904374
Ti II,0,1e-20,O0,50000,619649268.8539016,1.0,22453.627178459217,820.9189143024579
Ti II,1,1.0,M6,3000,553310801805.4384,1.0,0.0003075603312631424,6.487788635333721e-06
Ti II,1,1.0,K1,5000,553310801805.4384,1.0,0.0625291612766018,0.0019746458781066283
Ti II,1,1.0,F8,6000,553310801805.4384,1.0,1.3087003441424492,0.0328215397233989
Ti II,1,1.0,A6,8000,553310801805.4384,1.0,35.18955817717956,0.6756094543243916
Ti II,1,1.0,A0,10000,553310801805.4384,1.0,156.75956293468397,2.745218226871093
Ti II,1,1.0,B5,15000,553310801805.4384,1.0,962.0705853519593,15.360714653674627
Ti II,1,1.0,B3,19000,553310801805.4384,1.0,1771.4899817423511,27.0317784135428
Ti II,1,1.0,B0,30000,553310801805.4384,1.0,5975.1994215281,83.6427748106802
Ti II,1,1.0,O0,50000,553310801805.4384,1.0,17749.343113022936,236.66877865262575
Ti II,10,10.0,M6,3000,5512138151583.626,1.0,0.00039588952787400993,9.601565447930324e-06
Ti II,10,10.0,K1,5000,5512138151583.626,1.0,0.11732987947888007,0.003300500160963877
Ti II,10,10.0,F8,6000,5512138151583.626,1.0,1.5404154666352532,0.03810442236521127
Ti II,10,10.0,A6,8000,5512138151583.626,1.0,35.20162962141291,0.670940227622844
Ti II,10,10.0,A0,10000,5512138151583.626,1.0,156.69542145228453,2.725944840664936
Ti II,10,10.0,B5,15000,5512138151583.626,1.0,961.8470041068962,15.25650722788211
Ti II,10,10.0,B3,19000,5512138151583.626,1.0,1771.5071940207943,26.854749129920112
Ti II,10,10.0,B0,30000,5512138151583.626,1.0,5974.04108536711,83.11790031256294
Ti II,10,10.0,O0,50000,5512138151583.626,1.0,17744.63263353265,235.22792027606036
Ti II,100,100.0,M6,3000,55100430432483.43,1.0,0.0004936609894566929,9.099272006733515e-06
Ti II,100,100.0,K1,5000,55100430432483.43,1.0,0.4566804386351272,0.00993855285149353
Ti II,100,100.0,F8,6000,55100430432483.43,1.0,4.420022355034263,0.0957195922354123
Ti II,100,100.0,A6,8000,55100430432483.43,1.0,36.38658837710895,0.6956976739906546
Ti II,100,100.0,A0,10000,55100430432483.43,1.0,158.60272683300684,2.7558020280527695
Ti II,100,100.0,B5,15000,55100430432483.43,1.0,963.1069778416955,15.237038114985282
Ti II,100,100.0,B3,19000,55100430432483.43,1.0,1775.3734442137727,26.80331814581794
Ti II,100,100.0,B0,30000,55100430432483.43,1.0,5890.153056228034,82.5198139581601
Ti II,100,100.0,O0,50000,55100430432483.43,1.0,17715.436827017707,234.3469176743483
Ti III,0,1e-20,M6,3000,451133883.3472716,1.0,1.158281858668937e-11,9.01883811335065e-12
Ti III,0,1e-20,K1,5000,451133883.3472716,1.0,1.2181134113769541e-09,5.778958112404095e-10
Ti III,0,1e-20,F8,6000,451133883.3472716,1.0,3.5106582810721595e-08,1.757805385006309e-08
Ti III,0,1e-20,A6,8000,451133883.3472716,1.0,0.00033851586490737874,0.00027893373079365745
Ti III,0,1e-20,A0,10000,451133883.3472716,1.0,2.8527340454932046,2.356977185638797
Ti III,0,1e-20,B5,15000,451133883.3472716,1.0,57.8735361583219,47.816162410809966
Ti III,0,1e-20,B3,19000,451133883.3472716,1.0,157.50804429814832,130.1360235499041
Ti III,0,1e-20,B0,30000,451133883.3472716,1.0,1035.3552618301444,855.4296587168589
Ti III,0,1e-20,O0,50000,451133883.3472716,1.0,3516.415750300627,2905.327847746607
Ti III,1,1.0,M6,3000,8637839976661.538,1.0,3.8960796819058477e-10,1.1590175506956251e-10
Ti III,1,1.0,K1,5000,8637839976661.538,1.0,8.597905557828044e-09,2.1485587099358196e-09
Ti III,1,1.0,F8,6000,8637839976661.538,1.0,4.592525914768579e-08,8.126069803793479e-09
Ti III,1,1.0,A6,8000,8637839976661.538,1.0,0.00017788467275751884,3.380440751778059e-05
Ti III,1,1.0,A0,10000,8637839976661.538,1.0,1.4946063252343649,0.28563330301829176
Ti III,1,1.0,B5,15000,8637839976661.538,1.0,30.32109815237966,5.7946632688326885
Ti III,1,1.0,B3,19000,8637839976661.538,1.0,82.5215808539859,15.770699429991824
Ti III,1,1.0,B0,30000,8637839976661.538,1.0,542.4429644110801,103.66633164576781
Ti III,1,1.0,O0,50000,8637839976661.538,1.0,1842.3193812748639,352.08602172653343
Ti III,10,10.0,M6,3000,86162467904697.22,1.0,3.951668546115003e-10,1.1622667483357269e-10
Ti III,10,10.0,K1,5000,86162467904697.22,1.0,8.488068796042053e-09,2.134956594361045e-09
Ti III,10,10.0,F8,6000,86162467904697.22,1.0,4.5882815512860806e-08,8.113559972342784e-09
Ti III,10,10.0,A6,8000,86162467904697.22,1.0,0.00017791918472639614,3.3530841193864754e-05
Ti III,10,10.0,A0,10000,86162467904697.22,1.0,1.4933556489353,0.28267113751420664
Ti III,10,10.0,B5,15000,86162467904697.22,1.0,30.314928483189675,5.743340898088709
Ti III,10,10.0,B3,19000,86162467904697.22,1.0,82.43150545915242,15.60014844062876
Ti III,10,10.0,B0,30000,86162467904697.22,1.0,541.7320457303217,102.48384150180662
Ti III,10,10.0,O0,50000,86162467904697.22,1.0,1841.2845867548272,348.61074923549967
Ti III,100,100.0,M6,3000,861408874710517.8,1.0,3.923809867532098e-10,1.1545327530976085e-10
Ti III,100,100.0,K1,5000,861408874710517.8,1.0,8.42722621392777e-09,2.1022170139490115e-09
Ti III,100,100.0,F8,6000,861408874710517.8,1.0,4.6259294763091385e-08,8.223632964297871e-09
Ti III,100,100.0,A6,8000,861408874710517.8,1.0,0.0001944262301779673,3.8694828652136044e-05
Ti III,100,100.0,A0,10000,861408874710517.8,1.0,1.461999642017726,0.26991220748496364
Ti III,100,100.0,B5,15000,861408874710517.8,1.0,32.475597558814044,6.36539133727272
Ti III,100,100.0,B3,19000,861408874710517.8,1.0,89.21075529755362,17.784285744439707
Ti III,100,100.0,B0,30000,861408874710517.8,1.0,527.492794589698,98.14926915677935
Ti III,100,100.0,O0,50000,861408874710517.8,1.0,1854.2172670881607,353.1344415703843
V I,0,1e-20,M6,3000,20646935.025738977,1.0,0.0003078534930394455,1.3163380735854217e-05
V I,0,1e-20,K1,5000,20646935.025738977,1.0,0.49709932346149055,0.01844203819490711
V I,0,1e-20,F8,6000,20646935.025738977,1.0,11.029528183484608,0.4373191674494947
V I,0,1e-20,A6,8000,20646935.025738977,1.0,100.96244113505792,4.5198614918570525
V I,0,1e-20,A0,10000,20646935.025738977,1.0,399.1331455634665,18.460157193616645
V I,0,1e-20,B5,15000,20646935.025738977,1.0,1764.4480004073157,91.4154849934464
V I,0,1e-20,B3,19000,20646935.025738977,1.0,2971.8544196632024,158.41230040524658
V I,0,1e-20,B0,30000,20646935.025738977,1.0,8576.16802457252,478.2614040211093
V I,0,1e-20,O0,50000,20646935.025738977,1.0,23216.86586028814,1315.1357437098538
V I,1,1.0,M6,3000,367404874745.6842,1.0,0.0003372118705700262,8.662117930458157e-06
V I,1,1.0,K1,5000,367404874745.6842,1.0,0.4840523282033286,0.010766712094616916
V I,1,1.0,F8,6000,367404874745.6842,1.0,9.217075046201213,0.16717351166747432
V I,1,1.0,A6,8000,367404874745.6842,1.0,81.09895030748916,1.4585348091346637
V I,1,1.0,A0,10000,367404874745.6842,1.0,317.1539360415463,5.716049492504638
V I,1,1.0,B5,15000,367404874745.6842,1.0,1348.6542232701627,23.862184452496663
V I,1,1.0,B3,19000,367404874745.6842,1.0,2255.5031113293476,41.06005885981253
V I,1,1.0,B0,30000,367404874745.6842,1.0,6445.163946713647,125.44657846161115
V I,1,1.0,O0,50000,367404874745.6842,1.0,17387.567041909795,346.7909218716588
V I,10,10.0,M6,3000,3650348807429.303,1.0,0.0010828238124654214,2.7528037936205838e-05
V I,10,10.0,K1,5000,3650348807429.303,1.0,0.8442133285962048,0.01835982789847482
V I,10,10.0,F8,6000,3650348807429.303,1.0,9.531109004743177,0.17203888772862982
V I,10,10.0,A6,8000,3650348807429.303,1.0,81.09977793037875,1.4538613710387622
V I,10,10.0,A0,10000,3650348807429.303,1.0,317.126768360144,5.6947866643825735
V I,10,10.0,B5,15000,3650348807429.303,1.0,1348.3342087457943,23.72838605289726
V I,10,10.0,B3,19000,3650348807429.303,1.0,2254.8398314444566,40.820809490689804
V I,10,10.0,B0,30000,3650348807429.303,1.0,6443.393113366625,124.7403664715428
V I,10,10.0,O0,50000,3650348807429.303,1.0,17382.702875035764,344.85652367981936
V I,100,100.0,M6,3000,36479824296917.36,1.0,0.001699410505688954,4.194999552100582e-05
V I,100,100.0,K1,5000,36479824296917.36,1.0,1.0608478393799223,0.021991788273159653
V I,100,100.0,F8,6000,36479824296917.36,1.0,9.783039844484035,0.1708287385511162
V I,100,100.0,A6,8000,36479824296917.36,1.0,81.55663201580813,1.4530041422418942
V I,100,100.0,A0,10000,36479824296917.36,1.0,317.08170117338824,5.683620168362081
V I,100,100.0,B5,15000,36479824296917.36,1.0,1349.2692937082686,23.782313342094803
V I,100,100.0,B3,19000,36479824296917.36,1.0,2254.697209832661,40.81624444109205
V I,100,100.0,B0,30000,36479824296917.36,1.0,6428.21591191147,124.52386405503503
V I,100,100.0,O0,50000,36479824296917.36,1.0,17375.28564500824,344.54253627481256
V II,0,1e-20,M6,3000,9074292.948449807,1.0,2.3087633254124213e-06,2.5745969374886943e-07
V II,0,1e-20,K1,5000,9074292.948449807,1.0,0.006280800779852331,0.0005856316313554573
V II,0,1e-20,F8,6000,9074292.948449807,1.0,0.1629321545109966,0.01636701022549725
V II,0,1e-20,A6,8000,9074292.948449807,1.0,6.806830535062496,0.7017731734189484
V II,0,1e-20,A0,10000,9074292.948449807,1.0,42.621777566296316,4.383635034002298
V II,0,1e-20,B5,15000,9074292.948449807,1.0,302.82653075459797,31.433024993120068
V II,0,1e-20,B3,19000,9074292.948449807,1.0,609.8583886096139,64.43971308542508
V II,0,1e-20,B0,30000,9074292.948449807,1.0,2268.4448773549443,248.29620222311516
V II,0,1e-20,O0,50000,9074292.948449807,1.0,6533.153458504134,720.8531342204243
V II,1,1.0,M6,3000,2365170649729.265,1.0,1.2777654489847473e-06,3.558290371287248e-08
V II,1,1.0,K1,5000,2365170649729.265,1.0,0.004274430467859574,0.00019132220447934528
V II,1,1.0,F8,6000,2365170649729.265,1.0,0.11274275638093553,0.005703227981899473
V II,1,1.0,A6,8000,2365170649729.265,1.0,4.013218157676152,0.11849089756541704
V II,1,1.0,A0,10000,2365170649729.265,1.0,25.795439493131187,0.9543384808418955
V II,1,1.0,B5,15000,2365170649729.265,1.0,183.97863231308028,7.112224239896372
V II,1,1.0,B3,19000,2365170649729.265,1.0,372.905752082566,15.402790245516831
V II,1,1.0,B0,30000,2365170649729.265,1.0,1399.9173683200547,63.7926178376205
V II,1,1.0,O0,50000,2365170649729.265,1.0,4046.4771307963306,188.503458846431
V II,10,10.0,M6,3000,23635044144049.664,1.0,1.1841390022713771e-06,2.9845529289178034e-08
V II,10,10.0,K1,5000,23635044144049.664,1.0,0.007107762595799946,0.00029451857455252076
V II,10,10.0,F8,6000,23635044144049.664,1.0,0.12309215871061492,0.005966732413704235
V II,10,10.0,A6,8000,23635044144049.664,1.0,4.0220997198685575,0.11877859458664951
V II,10,10.0,A0,10000,23635044144049.664,1.0,25.798511200872465,0.9532733740023052
V II,10,10.0,B5,15000,23635044144049.664,1.0,184.1741867242856,7.114825542587573
V II,10,10.0,B3,19000,23635044144049.664,1.0,373.15687007755804,15.400375425996195
V II,10,10.0,B0,30000,23635044144049.664,1.0,1399.7528212513796,63.74627055185102
V II,10,10.0,O0,50000,23635044144049.664,1.0,4046.2390747398285,188.3573205547107
V II,100,100.0,M6,3000,236333781858867.78,1.0,6.5530477999842e-07,1.6227050395835748e-08
V II,100,100.0,K1,5000,236333781858867.78,1.0,0.01252098726910869,0.00043287066691212553
V II,100,100.0,F8,6000,236333781858867.78,1.0,0.24746511524230755,0.008697419711393392
V II,100,100.0,A6,8000,236333781858867.78,1.0,4.393118790139185,0.13428930149426965
V II,100,100.0,A0,10000,236333781858867.78,1.0,26.78209112071506,0.9876708853056333
V II,100,100.0,B5,15000,236333781858867.78,1.0,189.80989399918604,7.4014871494490055
V II,100,100.0,B3,19000,236333781858867.78,1.0,378.2927228368371,15.436284957418746
V II,100,100.0,B0,30000,236333781858867.78,1.0,1391.0703143098954,62.558252895524696
V II,100,100.0,O0,50000,236333781858867.78,1.0,4047.199715544322,188.4608974193393
V III,0,1e-20,M6,3000,,,,
V III,0,1e-20,K1,5000,,,,
V III,0,1e-20,F8,6000,,,,
V III,0,1e-20,A6,8000,,,,
V III,0,1e-20,A0,10000,,,,
V III,0,1e-20,B5,15000,,,,
V III,0,1e-20,B3,19000,,,,
V III,0,1e-20,B0,30000,,,,
V III,0,1e-20,O0,50000,,,,
V III,1,1.0,M6,3000,,,,
V III,1,1.0,K1,5000,,,,
V III,1,1.0,F8,6000,,,,
V III,1,1.0,A6,8000,,,,
V III,1,1.0,A0,10000,,,,
V III,1,1.0,B5,15000,,,,
V III,1,1.0,B3,19000,,,,
V III,1,1.0,B0,30000,,,,
V III,1,1.0,O0,50000,,,,
V III,10,10.0,M6,3000,,,,
V III,10,10.0,K1,5000,,,,
V III,10,10.0,F8,6000,,,,
V III,10,10.0,A6,8000,,,,
V III,10,10.0,A0,10000,,,,
V III,10,10.0,B5,15000,,,,
V III,10,10.0,B3,19000,,,,
V III,10,10.0,B0,30000,,,,
V III,10,10.0,O0,50000,,,,
V III,100,100.0,M6,3000,,,,
V III,100,100.0,K1,5000,,,,
V III,100,100.0,F8,6000,,,,
V III,100,100.0,A6,8000,,,,
V III,100,100.0,A0,10000,,,,
V III,100,100.0,B5,15000,,,,
V III,100,100.0,B3,19000,,,,
V III,100,100.0,B0,30000,,,,
V III,100,100.0,O0,50000,,,,
Cr I,0,1e-20,M6,3000,2698510713.8626065,1.0,9.696168472142227e-06,5.308178419490522e-07
Cr I,0,1e-20,K1,5000,2698510713.8626065,1.0,0.06346789426203185,0.0030950261757937314
Cr I,0,1e-20,F8,6000,2698510713.8626065,1.0,4.709513560220024,0.23012077129226935
Cr I,0,1e-20,A6,8000,2698510713.8626065,1.0,85.01866076099665,4.1732017351150175
Cr I,0,1e-20,A0,10000,2698510713.8626065,1.0,296.13761821642106,14.458403934402401
Cr I,0,1e-20,B5,15000,2698510713.8626065,1.0,1112.0313113952848,59.32904181575386
Cr I,0,1e-20,B3,19000,2698510713.8626065,1.0,1744.8510141849194,95.72505402234403
Cr I,0,1e-20,B0,30000,2698510713.8626065,1.0,4487.856175792815,259.45422139018757
Cr I,0,1e-20,O0,50000,2698510713.8626065,1.0,11915.163315299562,695.7058540439805
Cr I,1,1.0,M6,3000,512770131763.10724,1.0,1.2235724288193336e-05,5.038014435096941e-07
Cr I,1,1.0,K1,5000,512770131763.10724,1.0,0.06895515419897472,0.002365647431492269
Cr I,1,1.0,F8,6000,512770131763.10724,1.0,4.622686819791095,0.1418860124977274
Cr I,1,1.0,A6,8000,512770131763.10724,1.0,81.16168508903718,2.335972613028341
Cr I,1,1.0,A0,10000,512770131763.10724,1.0,282.9506585779973,8.086211341996735
Cr I,1,1.0,B5,15000,512770131763.10724,1.0,992.7415481134092,24.54154982935228
Cr I,1,1.0,B3,19000,512770131763.10724,1.0,1531.378753132374,36.84811738584957
Cr I,1,1.0,B0,30000,512770131763.10724,1.0,3824.842077206495,90.21803594328748
Cr I,1,1.0,O0,50000,512770131763.10724,1.0,10103.247032397489,238.71159889031912
Cr I,10,10.0,M6,3000,5105826445007.853,1.0,7.309821892434512e-05,3.300024146926093e-06
Cr I,10,10.0,K1,5000,5105826445007.853,1.0,0.2077446336852804,0.007145212429434437
Cr I,10,10.0,F8,6000,5105826445007.853,1.0,5.418688555876737,0.16645253968995646
Cr I,10,10.0,A6,8000,5105826445007.853,1.0,81.13254194262606,2.329422949646337
Cr I,10,10.0,A0,10000,5105826445007.853,1.0,282.91939956249104,8.064964146901955
Cr I,10,10.0,B5,15000,5105826445007.853,1.0,992.4376884426168,24.39575740373555
Cr I,10,10.0,B3,19000,5105826445007.853,1.0,1530.8371170586393,36.587804330051924
Cr I,10,10.0,B0,30000,5105826445007.853,1.0,3823.7343493506664,89.42685524895342
Cr I,10,10.0,O0,50000,5105826445007.853,1.0,10097.946719185107,236.48116109355428
Cr I,100,100.0,M6,3000,51036411636117.28,1.0,0.00081445467906459,3.366168581634613e-05
Cr I,100,100.0,K1,5000,51036411636117.28,1.0,0.8965982351184695,0.030577124376639696
Cr I,100,100.0,F8,6000,51036411636117.28,1.0,10.600305248975955,0.2945961193271847
Cr I,100,100.0,A6,8000,51036411636117.28,1.0,81.80779954267713,2.3642348828143103
Cr I,100,100.0,A0,10000,51036411636117.28,1.0,283.0218681506602,8.074074040381577
Cr I,100,100.0,B5,15000,51036411636117.28,1.0,991.9383361241192,24.36826366597896
Cr I,100,100.0,B3,19000,51036411636117.28,1.0,1531.0322477048412,36.57709573189124
Cr I,100,100.0,B0,30000,51036411636117.28,1.0,3844.3854776172807,89.95081195822574
Cr I,100,100.0,O0,50000,51036411636117.28,1.0,10096.397271000556,236.22700239396104
Cr II,0,1e-20,M6,3000,588714700.3864392,0.9999999999999999,7.145400677543681e-10,3.338716153875801e-10
Cr II,0,1e-20,K1,5000,588714700.3864392,0.9999999999999999,4.076641659021718e-05,2.6520230483208323e-06
Cr II,0,1e-20,F8,6000,588714700.3864392,0.9999999999999999,0.004256935234180392,0.0002710829988289685
Cr II,0,1e-20,A6,8000,588714700.3864392,0.9999999999999999,2.7608089791393566,0.17715282633037485
Cr II,0,1e-20,A0,10000,588714700.3864392,0.9999999999999999,30.998695198115858,2.0252323288916663
Cr II,0,1e-20,B5,15000,588714700.3864392,0.9999999999999999,251.67721647295596,16.40485759416675
Cr II,0,1e-20,B3,19000,588714700.3864392,0.9999999999999999,554.7947939368655,36.121692728500975
Cr II,0,1e-20,B0,30000,588714700.3864392,0.9999999999999999,2300.545916647371,152.5607390015578
Cr II,0,1e-20,O0,50000,588714700.3864392,0.9999999999999999,7681.814897452104,506.2449750926403
Cr II,1,1.0,M6,3000,3156907422703.323,1.0,2.7924464840400012e-09,6.789101672569654e-10
Cr II,1,1.0,K1,5000,3156907422703.323,1.0,2.5982759322650085e-05,5.990229047318754e-07
Cr II,1,1.0,F8,6000,3156907422703.323,1.0,0.0027013670834706007,5.911832042065911e-05
Cr II,1,1.0,A6,8000,3156907422703.323,1.0,1.728113652667767,0.03658967231361196
Cr II,1,1.0,A0,10000,3156907422703.323,1.0,19.13257132215923,0.38915856673454774
Cr II,1,1.0,B5,15000,3156907422703.323,1.0,155.5680593838042,3.172264682850585
Cr II,1,1.0,B3,19000,3156907422703.323,1.0,343.215659133568,7.023385354308032
Cr II,1,1.0,B0,30000,3156907422703.323,1.0,1410.3187093729762,28.151921859802076
Cr II,1,1.0,O0,50000,3156907422703.323,1.0,4719.312739978984,94.6362468622572
Cr II,10,10.0,M6,3000,31505183205871.62,1.0,2.8427793278491874e-09,6.899781799528898e-10
Cr II,10,10.0,K1,5000,31505183205871.62,1.0,2.7476765849340707e-05,6.140226314272347e-07
Cr II,10,10.0,F8,6000,31505183205871.62,1.0,0.002847802368664697,6.315369154366615e-05
Cr II,10,10.0,A6,8000,31505183205871.62,1.0,1.7339816846186167,0.03658870425117538
Cr II,10,10.0,A0,10000,31505183205871.62,1.0,19.132614944876476,0.3873104025513908
Cr II,10,10.0,B5,15000,31505183205871.62,1.0,155.53543702894197,3.156732385277737
Cr II,10,10.0,B3,19000,31505183205871.62,1.0,343.1007798364603,6.98903470265204
Cr II,10,10.0,B0,30000,31505183205871.62,1.0,1410.1202633631256,28.01340995627204
Cr II,10,10.0,O0,50000,31505183205871.62,1.0,4718.014198277659,94.13647169796015
Cr II,100,100.0,M6,3000,314987971581221.94,1.0,2.7893241989858027e-09,6.804436951348256e-10
Cr II,100,100.0,K1,5000,314987971581221.94,1.0,3.6662753013637504e-05,7.566535599748389e-07
Cr II,100,100.0,F8,6000,314987971581221.94,1.0,0.006370448515098611,0.0001496644150833523
Cr II,100,100.0,A6,8000,314987971581221.94,1.0,1.937080472137339,0.04169818914934118
Cr II,100,100.0,A0,10000,314987971581221.94,1.0,19.48096392939821,0.3982531013721358
Cr II,100,100.0,B5,15000,314987971581221.94,1.0,162.86873724109626,3.372783602344176
Cr II,100,100.0,B3,19000,314987971581221.94,1.0,354.2976627368596,7.315829583076075
Cr II,100,100.0,B0,30000,314987971581221.94,1.0,1462.3349123833295,29.652770939352678
Cr II,100,100.0,O0,50000,314987971581221.94,1.0,4726.724822433939,94.32181293990605
Cr III,0,1e-20,M6,3000,,,,
Cr III,0,1e-20,K1,5000,,,,
Cr III,0,1e-20,F8,6000,,,,
Cr III,0,1e-20,A6,8000,,,,
Cr III,0,1e-20,A0,10000,,,,
Cr III,0,1e-20,B5,15000,,,,
Cr III,0,1e-20,B3,19000,,,,
Cr III,0,1e-20,B0,30000,,,,
Cr III,0,1e-20,O0,50000,,,,
Cr III,1,1.0,M6,3000,,,,
Cr III,1,1.0,K1,5000,,,,
Cr III,1,1.0,F8,6000,,,,
Cr III,1,1.0,A6,8000,,,,
Cr III,1,1.0,A0,10000,,,,
Cr III,1,1.0,B5,15000,,,,
Cr III,1,1.0,B3,19000,,,,
Cr III,1,1.0,B0,30000,,,,
Cr III,1,1.0,O0,50000,,,,
Cr III,10,10.0,M6,3000,,,,
Cr III,10,10.0,K1,5000,,,,
Cr III,10,10.0,F8,6000,,,,
Cr III,10,10.0,A6,8000,,,,
Cr III,10,10.0,A0,10000,,,,
Cr III,10,10.0,B5,15000,,,,
Cr III,10,10.0,B3,19000,,,,
Cr III,10,10.0,B0,30000,,,,
Cr III,10,10.0,O0,50000,,,,
Cr III,100,100.0,M6,3000,,,,
Cr III,100,100.0,K1,5000,,,,
Cr III,100,100.0,F8,6000,,,,
Cr III,100,100.0,A6,8000,,,,
Cr III,100,100.0,A0,10000,,,,
Cr III,100,100.0,B5,15000,,,,
Cr III,100,100.0,B3,19000,,,,
Cr III,100,100.0,B0,30000,,,,
Cr III,100,100.0,O0,50000,,,,
Mn I,0,1e-20,M6,3000,1096218883.0365903,0.9999999999999999,2.726130955934769e-06,3.4449697037270526e-07
Mn I,0,1e-20,K1,5000,1096218883.0365903,0.9999999999999999,0.01308844385376888,0.0016395049100052118
Mn I,0,1e-20,F8,6000,1096218883.0365903,0.9999999999999999,1.186681341299566,0.15250974397034803
Mn I,0,1e-20,A6,8000,1096218883.0365903,0.9999999999999999,30.125435730930555,3.7728196918601107
Mn I,0,1e-20,A0,10000,1096218883.0365903,0.9999999999999999,201.11412135796388,30.0264463476376
Mn I,0,1e-20,B5,15000,1096218883.0365903,0.9999999999999999,1447.3572355870265,283.05827064552386
Mn I,0,1e-20,B3,19000,1096218883.0365903,0.9999999999999999,2747.629428779594,561.7960052339895
Mn I,0,1e-20,B0,30000,1096218883.0365903,0.9999999999999999,8836.261472575241,1879.0526815428398
Mn I,0,1e-20,O0,50000,1096218883.0365903,0.9999999999999999,25550.153245780366,5490.931218456117
Mn I,1,1.0,M6,3000,417112987668.78906,1.0,3.559621732667057e-06,2.847734955575177e-07
Mn I,1,1.0,K1,5000,417112987668.78906,1.0,0.01433914895600639,0.001160778265709712
Mn I,1,1.0,F8,6000,417112987668.78906,1.0,1.2123465200553498,0.10521344875896006
Mn I,1,1.0,A6,8000,417112987668.78906,1.0,28.448850235401846,2.206668008521794
Mn I,1,1.0,A0,10000,417112987668.78906,1.0,165.70869819771184,10.724979664341372
Mn I,1,1.0,B5,15000,417112987668.78906,1.0,1018.1245943416205,64.67030513242081
Mn I,1,1.0,B3,19000,417112987668.78906,1.0,1883.1480742920949,122.93935160122768
Mn I,1,1.0,B0,30000,417112987668.78906,1.0,5907.516525963115,403.4333824510189
Mn I,1,1.0,O0,50000,417112987668.78906,1.0,16958.689339723776,1177.138980971729
Mn I,10,10.0,M6,3000,4136508008833.7515,1.0,2.9760528256253895e-05,2.712299284226892e-06
Mn I,10,10.0,K1,5000,4136508008833.7515,1.0,0.048985938787587203,0.004259815368248541
Mn I,10,10.0,F8,6000,4136508008833.7515,1.0,1.370616551101345,0.12064088733377722
Mn I,10,10.0,A6,8000,4136508008833.7515,1.0,28.474771087210854,2.2062973707123392
Mn I,10,10.0,A0,10000,4136508008833.7515,1.0,165.70312610728274,10.646852560599738
Mn I,10,10.0,B5,15000,4136508008833.7515,1.0,1016.984193294943,63.442812969761746
Mn I,10,10.0,B3,19000,4136508008833.7515,1.0,1880.8606618191727,120.42771469946119
Mn I,10,10.0,B0,30000,4136508008833.7515,1.0,5898.213575112977,394.73832940707456
Mn I,10,10.0,O0,50000,4136508008833.7515,1.0,16936.784276745842,1152.0144014384973
Mn I,100,100.0,M6,3000,41330526236642.805,1.0,0.00025546286794062267,2.517561286794222e-05
Mn I,100,100.0,K1,5000,41330526236642.805,1.0,0.2171673369860826,0.02091733835594857
Mn I,100,100.0,F8,6000,41330526236642.805,1.0,2.418409014085147,0.22412058038996638
Mn I,100,100.0,A6,8000,41330526236642.805,1.0,28.986161749661093,2.228213540668812
Mn I,100,100.0,A0,10000,41330526236642.805,1.0,168.2279705207838,10.665318768601233
Mn I,100,100.0,B5,15000,41330526236642.805,1.0,1015.1782093717766,63.75800427409211
Mn I,100,100.0,B3,19000,41330526236642.805,1.0,1882.7836575259792,121.19957947226408
Mn I,100,100.0,B0,30000,41330526236642.805,1.0,5929.41296341364,398.33941263272004
Mn I,100,100.0,O0,50000,41330526236642.805,1.0,16937.47081258265,1149.7485873434177
Mn II,0,1e-20,M6,3000,7359505153.431349,1.0,2.2266045072045436e-07,3.487517837664819e-09
Mn II,0,1e-20,K1,5000,7359505153.431349,1.0,0.0013610738934102453,2.0843786787034466e-05
Mn II,0,1e-20,F8,6000,7359505153.431349,1.0,0.05972376415438119,0.0007720113796692355
Mn II,0,1e-20,A6,8000,7359505153.431349,1.0,9.403433081029043,0.12208254390957532
Mn II,0,1e-20,A0,10000,7359505153.431349,1.0,81.97323758009652,1.065598366931527
Mn II,0,1e-20,B5,15000,7359505153.431349,1.0,769.464979221284,24.963742504606774
Mn II,0,1e-20,B3,19000,7359505153.431349,1.0,1856.1914635244364,92.62309498398942
Mn II,0,1e-20,B0,30000,7359505153.431349,1.0,8707.82681936231,593.3694503076622
Mn II,0,1e-20,O0,50000,7359505153.431349,1.0,32343.33052887899,2764.729068734922
Mn II,1,1.0,M6,3000,727847917195.5404,1.0,1.9208914228366073e-07,1.4421378722737811e-09
Mn II,1,1.0,K1,5000,727847917195.5404,1.0,0.0012237538194626385,9.420096831845061e-06
Mn II,1,1.0,F8,6000,727847917195.5404,1.0,0.05154766476865786,0.0003156322651753965
Mn II,1,1.0,A6,8000,727847917195.5404,1.0,8.013877325990189,0.04579200830806378
Mn II,1,1.0,A0,10000,727847917195.5404,1.0,69.76315340879829,0.39542715261414146
Mn II,1,1.0,B5,15000,727847917195.5404,1.0,679.2376321745427,14.388208810682666
Mn II,1,1.0,B3,19000,727847917195.5404,1.0,1676.5632956567026,54.67359616845377
Mn II,1,1.0,B0,30000,727847917195.5404,1.0,8037.13300545298,352.23795000095686
Mn II,1,1.0,O0,50000,727847917195.5404,1.0,30432.98916809935,1644.422129025423
Mn II,10,10.0,M6,3000,7236247915991.011,1.0,1.6018627177243614e-07,1.2399872435059935e-09
Mn II,10,10.0,K1,5000,7236247915991.011,1.0,0.002323689232485725,1.675202100149591e-05
Mn II,10,10.0,F8,6000,7236247915991.011,1.0,0.059711559603703515,0.0003761967312825531
Mn II,10,10.0,A6,8000,7236247915991.011,1.0,8.014510147169897,0.04513439734219511
Mn II,10,10.0,A0,10000,7236247915991.011,1.0,69.73325298306861,0.389264165320379
Mn II,10,10.0,B5,15000,7236247915991.011,1.0,678.1474315321406,14.270295706993611
Mn II,10,10.0,B3,19000,7236247915991.011,1.0,1676.194740276302,54.46416341431689
Mn II,10,10.0,B0,30000,7236247915991.011,1.0,8049.982016660435,351.7859089688582
Mn II,10,10.0,O0,50000,7236247915991.011,1.0,30415.441963444195,1633.0084389720632
Mn II,100,100.0,M6,3000,72320305853353.92,1.0,2.1439021144046534e-07,1.7456913994138675e-09
Mn II,100,100.0,K1,5000,72320305853353.92,1.0,0.0068469995215356605,4.699202564713904e-05
Mn II,100,100.0,F8,6000,72320305853353.92,1.0,0.16609181157297126,0.0011281946175530264
Mn II,100,100.0,A6,8000,72320305853353.92,1.0,8.708861628323362,0.05081782382658712
Mn II,100,100.0,A0,10000,72320305853353.92,1.0,71.05065684524885,0.3997784185177298
Mn II,100,100.0,B5,15000,72320305853353.92,1.0,688.3055408934421,14.016233291722791
Mn II,100,100.0,B3,19000,72320305853353.92,1.0,1712.8526591183581,56.11680355080449
Mn II,100,100.0,B0,30000,72320305853353.92,1.0,8350.244868973687,376.9395430510699
Mn II,100,100.0,O0,50000,72320305853353.92,1.0,30470.76400646587,1633.0656694119466
Mn III,0,1e-20,M6,3000,,,,
Mn III,0,1e-20,K1,5000,,,,
Mn III,0,1e-20,F8,6000,,,,
Mn III,0,1e-20,A6,8000,,,,
Mn III,0,1e-20,A0,10000,,,,
Mn III,0,1e-20,B5,15000,,,,
Mn III,0,1e-20,B3,19000,,,,
Mn III,0,1e-20,B0,30000,,,,
Mn III,0,1e-20,O0,50000,,,,
Mn III,1,1.0,M6,3000,,,,
Mn III,1,1.0,K1,5000,,,,
Mn III,1,1.0,F8,6000,,,,
Mn III,1,1.0,A6,8000,,,,
Mn III,1,1.0,A0,10000,,,,
Mn III,1,1.0,B5,15000,,,,
Mn III,1,1.0,B3,19000,,,,
Mn III,1,1.0,B0,30000,,,,
Mn III,1,1.0,O0,50000,,,,
Mn III,10,10.0,M6,3000,,,,
Mn III,10,10.0,K1,5000,,,,
Mn III,10,10.0,F8,6000,,,,
Mn III,10,10.0,A6,8000,,,,
Mn III,10,10.0,A0,10000,,,,
Mn III,10,10.0,B5,15000,,,,
Mn III,10,10.0,B3,19000,,,,
Mn III,10,10.0,B0,30000,,,,
Mn III,10,10.0,O0,50000,,,,
Mn III,100,100.0,M6,3000,,,,
Mn III,100,100.0,K1,5000,,,,
Mn III,100,100.0,F8,6000,,,,
Mn III,100,100.0,A6,8000,,,,
Mn III,100,100.0,A0,10000,,,,
Mn III,100,100.0,B5,15000,,,,
Mn III,100,100.0,B3,19000,,,,
Mn III,100,100.0,B0,30000,,,,
Mn III,100,100.0,O0,50000,,,,
Fe I,0,1e-20,M6,3000,246762436.52380696,1.0,3.298583719836642e-07,6.851058420679503e-09
Fe I,0,1e-20,K1,5000,246762436.52380696,1.0,0.0026004715543398414,7.748031970131014e-05
Fe I,0,1e-20,F8,6000,246762436.52380696,1.0,0.32062135594563806,0.009972522861450367
Fe I,0,1e-20,A6,8000,246762436.52380696,1.0,33.4884596998801,2.0201201175236227
Fe I,0,1e-20,A0,10000,246762436.52380696,1.0,222.3156721121723,17.93313645376108
Fe I,0,1e-20,B5,15000,246762436.52380696,1.0,1576.852145501727,149.10964034273513
Fe I,0,1e-20,B3,19000,246762436.52380696,1.0,3069.6292818260013,296.01062103320635
Fe I,0,1e-20,B0,30000,246762436.52380696,1.0,11517.959477169383,1214.410391031985
Fe I,0,1e-20,O0,50000,246762436.52380696,1.0,33557.86689101197,3670.8707722067993
Fe I,1,1.0,M6,3000,500718283048.3449,1.0,3.6254741481774966e-07,4.561540356359456e-09
Fe I,1,1.0,K1,5000,500718283048.3449,1.0,0.0026293379119781196,4.557559892734958e-05
Fe I,1,1.0,F8,6000,500718283048.3449,1.0,0.3018695941152556,0.005352840574284125
Fe I,1,1.0,A6,8000,500718283048.3449,1.0,28.13599778712758,0.7758687115818645
Fe I,1,1.0,A0,10000,500718283048.3449,1.0,176.39587008046607,6.5786122023275855
Fe I,1,1.0,B5,15000,500718283048.3449,1.0,1213.208922768749,55.25034812178966
Fe I,1,1.0,B3,19000,500718283048.3449,1.0,2340.066951309159,108.50554164855161
Fe I,1,1.0,B0,30000,500718283048.3449,1.0,8660.758670223584,451.2806078681442
Fe I,1,1.0,O0,50000,500718283048.3449,1.0,25214.362999001016,1383.2455929247546
Fe I,10,10.0,M6,3000,4959326913502.038,1.0,2.0481679997414878e-06,2.4506069453678635e-08
Fe I,10,10.0,K1,5000,4959326913502.038,1.0,0.007919121829272286,0.00013287753936732543
Fe I,10,10.0,F8,6000,4959326913502.038,1.0,0.3478963051338213,0.006245870835728753
Fe I,10,10.0,A6,8000,4959326913502.038,1.0,28.134538329547812,0.7728362284743575
Fe I,10,10.0,A0,10000,4959326913502.038,1.0,176.3270958561993,6.545446768063517
Fe I,10,10.0,B5,15000,4959326913502.038,1.0,1213.7310242401707,54.927265458706906
Fe I,10,10.0,B3,19000,4959326913502.038,1.0,2341.353267844126,107.90353580803333
Fe I,10,10.0,B0,30000,4959326913502.038,1.0,8661.631874228236,448.9906239210821
Fe I,10,10.0,O0,50000,4959326913502.038,1.0,25211.796896241576,1375.62568915464
Fe I,100,100.0,M6,3000,49545521514809.266,1.0,2.5555324130002645e-05,3.87882636465538e-07
Fe I,100,100.0,K1,5000,49545521514809.266,1.0,0.04051396523635527,0.0007069882005797002
Fe I,100,100.0,F8,6000,49545521514809.266,1.0,1.184909394888856,0.022237950602088927
Fe I,100,100.0,A6,8000,49545521514809.266,1.0,28.8138948816165,0.7629979454343878
Fe I,100,100.0,A0,10000,49545521514809.266,1.0,176.79261603009942,6.51801133868533
Fe I,100,100.0,B5,15000,49545521514809.266,1.0,1197.6490006198553,53.87264344700466
Fe I,100,100.0,B3,19000,49545521514809.266,1.0,2339.495644114619,109.92786269560001
Fe I,100,100.0,B0,30000,49545521514809.266,1.0,8712.224230901053,458.2578619503766
Fe I,100,100.0,O0,50000,49545521514809.266,1.0,25180.80079098772,1374.114871316835
Fe II,0,1e-20,M6,3000,46382202.02510904,1.0,6.652707834225216e-08,4.867327932888792e-09
Fe II,0,1e-20,K1,5000,46382202.02510904,1.0,0.0005455291993744137,3.207459155557186e-05
Fe II,0,1e-20,F8,6000,46382202.02510904,1.0,0.0160460012629011,0.000892851827177363
Fe II,0,1e-20,A6,8000,46382202.02510904,1.0,4.37065943760848,0.22487124358802685
Fe II,0,1e-20,A0,10000,46382202.02510904,1.0,72.63839439135609,3.6690922022715116
Fe II,0,1e-20,B5,15000,46382202.02510904,1.0,868.678952961663,43.53344528955548
Fe II,0,1e-20,B3,19000,46382202.02510904,1.0,2234.716255217085,121.227990457825
Fe II,0,1e-20,B0,30000,46382202.02510904,1.0,11144.732373841714,697.711353271321
Fe II,0,1e-20,O0,50000,46382202.02510904,1.0,39633.17915539081,3298.2325504313244
Fe II,1,1.0,M6,3000,882569739324.0837,0.9999999999999999,4.47056320469604e-08,1.31041018059915e-09
Fe II,1,1.0,K1,5000,882569739324.0837,0.9999999999999999,0.000371073246981703,8.98789571905086e-06
Fe II,1,1.0,F8,6000,882569739324.0837,0.9999999999999999,0.010764152845234399,0.00020593677235009543
Fe II,1,1.0,A6,8000,882569739324.0837,0.9999999999999999,3.056610006423006,0.0626384950011584
Fe II,1,1.0,A0,10000,882569739324.0837,0.9999999999999999,49.52565629973364,0.7622411695113627
Fe II,1,1.0,B5,15000,882569739324.0837,0.9999999999999999,616.8112888939343,13.111173728718258
Fe II,1,1.0,B3,19000,882569739324.0837,0.9999999999999999,1639.3321098654344,48.46386915428816
Fe II,1,1.0,B0,30000,882569739324.0837,0.9999999999999999,8566.604801333404,337.9022281485411
Fe II,1,1.0,O0,50000,882569739324.0837,0.9999999999999999,31951.294370237698,1768.4415062401908
Fe II,10,10.0,M6,3000,8772774420104.132,1.0,7.193823839836315e-08,2.369028630271253e-09
Fe II,10,10.0,K1,5000,8772774420104.132,1.0,0.0005483899047889394,1.3500081125856746e-05
Fe II,10,10.0,F8,6000,8772774420104.132,1.0,0.01234313204938729,0.00025045193431639303
Fe II,10,10.0,A6,8000,8772774420104.132,1.0,3.062977718400187,0.0625170195365566
Fe II,10,10.0,A0,10000,8772774420104.132,1.0,49.51827610211461,0.7553043886029361
Fe II,10,10.0,B5,15000,8772774420104.132,1.0,617.4705319750234,13.057563216149623
Fe II,10,10.0,B3,19000,8772774420104.132,1.0,1639.8230804232317,48.33105856529689
Fe II,10,10.0,B0,30000,8772774420104.132,1.0,8565.972535569616,337.3040358553444
Fe II,10,10.0,O0,50000,8772774420104.132,1.0,31948.549236749895,1764.0327047109424
Fe II,100,100.0,M6,3000,87674896284309.78,0.9999999999999999,2.0091988233439767e-07,5.422217368296888e-09
Fe II,100,100.0,K1,5000,87674896284309.78,0.9999999999999999,0.0023627003995851585,6.157638427401602e-05
Fe II,100,100.0,F8,6000,87674896284309.78,0.9999999999999999,0.04828222100230571,0.0011448399903419481
Fe II,100,100.0,A6,8000,87674896284309.78,0.9999999999999999,4.025803467326627,0.0858275358158793
Fe II,100,100.0,A0,10000,87674896284309.78,0.9999999999999999,53.553579858077356,0.853197786958736
Fe II,100,100.0,B5,15000,87674896284309.78,0.9999999999999999,636.052313810774,12.736083873862768
Fe II,100,100.0,B3,19000,87674896284309.78,0.9999999999999999,1648.8587319474846,49.132150667883714
Fe II,100,100.0,B0,30000,87674896284309.78,0.9999999999999999,8493.370472760353,353.3525229211599
Fe II,100,100.0,O0,50000,87674896284309.78,0.9999999999999999,31898.026245596364,1759.6471924113575
Fe III,0,1e-20,M6,3000,2635728674.800527,1.0,1.5014101423802414e-11,2.230802569563012e-12
Fe III,0,1e-20,K1,5000,2635728674.800527,1.0,7.180603874117275e-09,1.0537542459982114e-09
Fe III,0,1e-20,F8,6000,2635728674.800527,1.0,3.154183076071606e-08,4.1870635467611786e-09
Fe III,0,1e-20,A6,8000,2635728674.800527,1.0,7.772011851722052e-07,2.20805245806143e-07
Fe III,0,1e-20,A0,10000,2635728674.800527,1.0,0.002488680741951515,0.001594848124695889
Fe III,0,1e-20,B5,15000,2635728674.800527,1.0,10.327310127823687,6.627770003247132
Fe III,0,1e-20,B3,19000,2635728674.800527,1.0,64.00647243549629,39.81226099778662
Fe III,0,1e-20,B0,30000,2635728674.800527,1.0,632.0047285796999,291.09073640222823
Fe III,0,1e-20,O0,50000,2635728674.800527,1.0,13150.546697850541,4220.355414452977
Fe III,1,1.0,M6,3000,6417314882685.852,1.0,3.2284646147448276e-11,2.9860404566060642e-12
Fe III,1,1.0,K1,5000,6417314882685.852,1.0,1.586385735531859e-08,1.4437077133748575e-09
Fe III,1,1.0,F8,6000,6417314882685.852,1.0,6.678153026255771e-08,5.7263299438509565e-09
Fe III,1,1.0,A6,8000,6417314882685.852,1.0,8.92655883304105e-07,6.929008839983119e-08
Fe III,1,1.0,A0,10000,6417314882685.852,1.0,0.0017310713032427571,0.00042421025655694795
Fe III,1,1.0,B5,15000,6417314882685.852,1.0,7.16598084213049,1.7629012042914793
Fe III,1,1.0,B3,19000,6417314882685.852,1.0,44.39340107971909,10.588710630656918
Fe III,1,1.0,B0,30000,6417314882685.852,1.0,430.400937135811,76.10275455447116
Fe III,1,1.0,O0,50000,6417314882685.852,1.0,8957.64720714231,942.9178048415864
Fe III,10,10.0,M6,3000,63773992685843.21,1.0,3.922872059245542e-11,3.736193700011021e-12
Fe III,10,10.0,K1,5000,63773992685843.21,1.0,1.5526340937307223e-08,1.415173305604407e-09
Fe III,10,10.0,F8,6000,63773992685843.21,1.0,6.692102103243127e-08,5.72806855557741e-09
Fe III,10,10.0,A6,8000,63773992685843.21,1.0,8.930361999278317e-07,6.934480345693868e-08
Fe III,10,10.0,A0,10000,63773992685843.21,1.0,0.0017405195818128137,0.0004253933935038749
Fe III,10,10.0,B5,15000,63773992685843.21,1.0,7.202335274684281,1.7666222748580098
Fe III,10,10.0,B3,19000,63773992685843.21,1.0,44.50824193712329,10.575673392050856
Fe III,10,10.0,B0,30000,63773992685843.21,1.0,430.4482061290466,75.71542358363205
Fe III,10,10.0,O0,50000,63773992685843.21,1.0,8955.461788100705,934.3862793607269
Fe III,100,100.0,M6,3000,637341357951558.8,1.0,3.308683324402838e-11,3.0909942872059777e-12
Fe III,100,100.0,K1,5000,637341357951558.8,1.0,1.4083353016698425e-08,1.2811265784479637e-09
Fe III,100,100.0,F8,6000,637341357951558.8,1.0,6.397083865608764e-08,5.34276046567166e-09
Fe III,100,100.0,A6,8000,637341357951558.8,1.0,1.035250574387908e-06,1.1592857451424783e-07
Fe III,100,100.0,A0,10000,637341357951558.8,1.0,0.004597575202675995,0.001383878892290383
Fe III,100,100.0,B5,15000,637341357951558.8,1.0,9.397239518845328,2.4539183207150943
Fe III,100,100.0,B3,19000,637341357951558.8,1.0,48.328097929041604,11.824959114295543
Fe III,100,100.0,B0,30000,637341357951558.8,1.0,450.75298270182947,83.06689904344296
Fe III,100,100.0,O0,50000,637341357951558.8,1.0,8970.73458457922,936.6407546078362
